"type","class","order","family","genus","species","taxa_level","linf_cm","k","winf_kg","tmax_yr","tmat_yr","m","lmat_cm","temp_c","habitat","depth_m_mid","migratory","depth_m_min","depth_m_max","comm_depth_m_min","comm_depth_m_max","troph","feeding","repro_mode","spawning","repro_guild1","repro_guild2","spawning_ground","lmax_cm","wmax_kg"
"finfish","Actinopterygii","Scorpaeniformes","Sebastidae","Sebastes","Sebastes fasciatus","species",36.0796589948631,0.151675321662475,0.722588724926144,27.9998562126589,6.12372652901606,0.139530289127198,23.0143726420409,11.7283330914818,"demersal",331,NA,70,592,128,366,NA,"selective plankton feeding","dioecism",NA,"bearers","internal live bearers",NA,NA,NA
"finfish","Actinopterygii","Beryciformes","Berycidae","Beryx","Beryx splendens","species",52.5171412393861,0.138910542106007,3.13267861890821,14.7579353629284,5.31192872773167,0.324890609761936,28.8662693712383,15.6081968448869,"benthopelagic",662.5,NA,25,1300,400,600,3.81,"hunting macrofauna (predator)","dioecism",NA,"nonguarders",NA,NA,NA,NA
"finfish","Actinopterygii","Perciformes","Scombridae","Thunnus","Thunnus alalunga","species",141.864513874259,0.180272954729569,37.6774853497062,15.0009396105679,4.74425572570805,0.255720222864568,81.3580941439297,15.824897072437,"pelagic-oceanic",300,"oceanodromous",0,600,NA,NA,4.13,"hunting macrofauna (predator)","dioecism",NA,"nonguarders","open water/substratum egg scatterers","oceanic",NA,NA
"finfish","Actinopterygii","Pleuronectiformes","Pleuronectidae","Pleuronectes","Pleuronectes quadrituberculatus","species",49.156977684204,0.122501247156982,1.40455979374377,36.1242037762265,7.35238763079994,0.128915032457181,28.1003651952934,5.65492455346262,"bathydemersal",300,NA,0,600,NA,NA,3.18,"hunting macrofauna (predator)","dioecism",NA,"nonguarders",NA,"shelf",NA,NA
"finfish","Actinopterygii","Pleuronectiformes","Pleuronectidae","Hippoglossoides","Hippoglossoides platessoides","species",62.5789650345892,0.107111675628409,2.55834895069748,26.9517303990365,7.47805125626533,0.210817512287924,31.9300381515836,3.09604437483178,"demersal",1505,"oceanodromous",10,3000,90,250,3.61,"hunting macrofauna (predator)","dioecism",NA,"nonguarders",NA,NA,NA,NA
"finfish","Actinopterygii","Clupeiformes","Engraulidae","Engraulis","Engraulis encrasicolus","species",18.2078408527517,0.48448519812328,0.0365596468918355,4.7532367952289,1.16282032017003,0.858747908570136,10.2242200340028,14.1698052263871,"pelagic-neritic",200,"oceanodromous",0,400,NA,NA,3.12,"selective plankton feeding","dioecism","one clear seasonal peak per year","nonguarders","open water/substratum egg scatterers","coastal",NA,NA
"finfish","Actinopterygii","Clupeiformes","Clupeidae","Clupeonella","Clupeonella engrauliformis","species",16.0673528912382,0.619137029011189,0.040840753547792,4.7211373431896,1.54128130813135,0.979025174995242,10.4330559742819,18.9165750137519,"pelagic",39,NA,0,78,NA,NA,3,NA,"dioecism","one clear seasonal peak per year","nonguarders","open water/substratum egg scatterers","oceanic",NA,NA
"finfish","Actinopterygii","Lophiiformes","Lophiidae","Lophius","Lophius budegassa","species",88.0012512146827,0.11157466841098,8.19097278479409,12.758876947497,4.06875571064883,0.28318331494671,34.9123820727996,14.1410881491551,"bathydemersal",541.5,NA,70,1013,100,500,4.23,"hunting macrofauna (predator)","dioecism",NA,"nonguarders",NA,NA,NA,NA
"finfish","Actinopterygii","Gadiformes","Gadidae","Theragra","Theragra chalcogramma","species",64.1972130532834,0.256760882756684,1.58398853511185,11.359642388051,2.68566106435254,0.406954615049328,35.5722567835548,4.28400042434099,"benthopelagic",NA,"non-migratory",NA,1280,30,400,3.6800000667572,"hunting macrofauna (predator)","dioecism","one clear seasonal peak per year","nonguarders","open water/substratum egg scatterers",NA,NA,NA
"invertebrate","Bivalvia","Veneroida","Mactridae","Mactromeris","Mactromeris polynyma","species",NA,NA,NA,16,NA,NA,NA,NA,"benthic",100,NA,0,200,NA,NA,NA,NA,"dioecism",NA,NA,NA,NA,14,NA
"finfish","Actinopterygii","Pleuronectiformes","Pleuronectidae","Atheresthes","Atheresthes stomias","species",68.5489097441645,0.119846732300758,3.65077103261616,23.6760107532432,5.946775373065,0.176256804273318,34.1306404578802,9.3717240578145,"demersal",484,NA,18,950,NA,NA,4.05,"hunting macrofauna (predator)","dioecism",NA,"nonguarders",NA,NA,NA,NA
"finfish","Actinopterygii","Clupeiformes","Engraulidae","Engraulis","Engraulis anchoita","species",18.9950684429824,0.386506391433076,0.0431404700235761,4.85056920951764,1.52433472220895,0.924896831606378,10.3575897340684,18.2836323688888,"pelagic-neritic",115,"oceanodromous",30,200,NA,NA,2.51,"filtering plankton","dioecism","Two seasonal peaks per year","nonguarders","open water/substratum egg scatterers","coastal",NA,NA
"finfish","Actinopterygii","Gadiformes","Merlucciidae","Merluccius","Merluccius hubbsi","species",68.3555589329178,0.221322451046077,2.48657834310537,12.6590119801591,3.67631625241737,0.400870870075933,37.8955779208675,12.3792339027439,"benthopelagic",425,"oceanodromous",50,800,100,200,4.23,"hunting macrofauna (predator)","dioecism","two seasonal peaks per year","nonguarders","open water/substratum egg scatterers","coastal",NA,NA
"finfish","Actinopterygii","Perciformes","Scombridae","Thunnus","Thunnus thynnus","species",351.105145078083,0.0979841406361893,660.586726369746,24.7213539250978,7.82127945934583,0.152336187713751,175.556413394898,15.8691666908895,"pelagic-oceanic",492.5,"oceanodromous",0,985,0,100,4.21,"hunting macrofauna (predator)","dioecism","variable throughout range","nonguarders","open water/substratum egg scatterers",NA,NA,NA
"finfish","Actinopterygii","Pleuronectiformes","Pleuronectidae","Hippoglossus","Hippoglossus hippoglossus","species",204.497916488428,0.0653556464571464,144.635472636115,42.9334514856674,12.6849041902008,0.116466518502922,97.3357083552136,9.92714109145773,"demersal",1025,"oceanodromous",50,2000,NA,NA,4.28,"hunting macrofauna (predator)","dioecism",NA,"nonguarders","open water/substratum egg scatterers",NA,NA,NA
"finfish","Actinopterygii","Scorpaeniformes","Hexagrammidae","Pleurogrammus","Pleurogrammus monopterygius","species",45.4665862657319,0.433781217294873,0.57182873879973,11.5144809928042,3.93400721376365,0.56520880957024,33.8079418909366,8.02428216224085,"demersal",360,NA,0,720,NA,NA,3.64,"hunting macrofauna (predator)","dioecism","one clear seasonal peak per year","guarders","nesters",NA,NA,NA
"finfish","Actinopterygii","Perciformes","Sciaenidae","Micropogonias","Micropogonias undulatus","species",32.0508828189215,0.385868536830198,0.36283820841107,6.25591775889864,1.66825943763086,0.821091727450257,16.1095768763344,24.7693154393634,"demersal",NA,NA,NA,100,NA,NA,4,"hunting macrofauna (predator)",NA,NA,NA,NA,NA,NA,NA
"finfish","Actinopterygii","Perciformes","Nototheniidae","Dissostichus","Dissostichus mawsoni","species",148.247302193527,0.0823818237620116,37.0344929756934,27.567736895896,9.13673825872025,0.157008927458374,76.8507094377121,9.92662827938937,"pelagic-oceanic",1100,NA,0,2200,88,1600,3.94,"hunting macrofauna (predator)","dioecism",NA,NA,NA,"shelf",NA,NA
"finfish","Actinopterygii","Perciformes","Arripidae","Arripis","Arripis trutta","species",29.1994208857869,0.353658640284217,0.215636531261766,11.2363992372699,2.94500987973301,0.60432175718227,18.5621599142342,14.6515745923668,"pelagic-neritic",34.5,"anadromous",30,39,NA,NA,3.7,"hunting macrofauna (predator)","dioecism",NA,"nonguarders",NA,"lacustrine",NA,NA
"invertebrate","Malacostraca","Decapoda","Portunidae","Callinectes","Callinectes sapidus","species",20.635,0.82,NA,NA,NA,NA,NA,NA,"benthopelagic",45,NA,0,90,0,35,3.35,"hunting macrofauna (predator)","dioecism",NA,"bearers","External brooders","coastal",22.7,NA
"finfish","Actinopterygii","Perciformes","Sciaenidae","Pseudotolithus","Pseudotolithus elongatus","species",51.4611633142753,0.319004292107768,1.07853860808417,11.8583661493803,3.1727693351502,0.463086393877425,31.6419213358151,16.6994700076314,"demersal",50," ",0,100,50,100,4.06,"hunting macrofauna (predator)",NA,NA,NA,NA,NA,NA,NA
"finfish","Actinopterygii","Gadiformes","Merlucciidae","Macruronus","Macruronus novaezelandiae","species",107.298658646441,0.176257043148184,3.66168767207755,21.2011708711344,5.74300500420237,0.237023380049284,62.4447695793857,11.4681668698721,"benthopelagic",500,"oceanodromous",0,1000,200,700,4.23,"hunting macrofauna (predator)","dioecism","one clear seasonal peak per year","nonguarders","open water/substratum egg scatterers","oceanic",NA,NA
"finfish","Actinopterygii","Scorpaeniformes","Sebastidae","Sebastes","Sebastes melanostomus","species",47.1796738720043,0.0691986977253373,2.31833999059147,77.9848215523756,15.5259003180613,0.0598848587805147,31.3561803536831,13.1764368173388,"bathydemersal",446.5,NA,124,769,NA,NA,NA,NA,"dioecism",NA,"bearers","internal live bearers",NA,NA,NA
"finfish","Actinopterygii","Perciformes","Haemulidae","Brachydeuterus","Brachydeuterus auritus","species",24.1888705374583,0.411423948254355,0.196340974413735,9.36376160249304,2.03300427266565,0.794946117088516,13.4389604693631,25.1713492866592,"benthopelagic",55," ",10,100,15,80,3.03,"variable","dioecism",NA,"nonguarders","open water/substratum egg scatterers",NA,NA,NA
"finfish","Actinopterygii","Gadiformes","Merlucciidae","Merluccius","Merluccius polli","species",69.2604708253369,0.256442420869336,2.72418315186178,11.1551245953372,3.22399186760952,0.472901444747815,37.6825488761188,16.1564776768535,"bathydemersal",525,"non-migratory",50,1000,50,550,4.5,"hunting macrofauna (predator)",NA,NA,NA,NA,NA,NA,NA
"finfish","Elasmobranchii","Carcharhiniformes","Sphyrnidae","Sphyrna","Sphyrna tiburo","species",116.914824899,0.279742372556918,5.54269165606401,15.728081442859,5.10151112030131,0.330356012140777,81.8563812667902,25.4419699012307,"reef-associated",45,NA,10,80,10,25,3.91,"hunting macrofauna (predator)","dioecism",NA,"bearers","internal live bearers",NA,NA,NA
"finfish","Actinopterygii","Perciformes","Scombridae","Thunnus","Thunnus obesus","species",200.905020335261,0.188156091541074,90.6544214412388,12.6444860937059,4.06656175872376,0.327124601839471,99.5200622023409,20.9351892315495,"pelagic-oceanic",750,"oceanodromous",0,1500,0,500,4.48,"hunting macrofauna (predator)","dioecism","Variable throughout range","nonguarders","open water/substratum egg scatterers",NA,NA,NA
"finfish","Actinopterygii","Beryciformes","Berycidae","Centroberyx","Centroberyx gerrardi","species",30.0096252642524,0.231372841838781,0.350842701216519,9.64748121010863,3.37841838975427,0.51478517083471,17.4512225530556,13.5054073343073,"demersal",255,NA,10,500,NA,NA,NA,NA,NA,NA,NA,NA,NA,NA,NA
"finfish","Elasmobranchii","Rajiformes","Rajidae","Raja","Raja binoculata","species",99.3804012058472,0.149468149784092,5.55907497459624,15.4177969504971,7.10318194624213,0.265035522319558,68.5612060962735,12.5326167282999,"demersal",401.5,NA,3,800,3,110,3.92,"hunting macrofauna (predator)","dioecism",NA,"nonguarders","open water/substratum egg scatterers",NA,NA,NA
"finfish","Actinopterygii","Perciformes","Epigonidae","Epigonus","Epigonus telescopus","species",127.453274541544,0.0707090628027428,24.7735987889315,47.2118200583306,10.2005273842996,0.0885719244939891,66.8606774256205,14.2819769454904,"bathydemersal",637.5,NA,75,1200,300,800,3.5,"hunting macrofauna (predator)","dioecism","one clear seasonal peak per year",NA,NA,NA,NA,NA
"invertebrate","Malacostraca","Decapoda","Lithodidae","Paralithodes","Paralithodes platypus","species",NA,NA,NA,NA,NA,NA,NA,NA,"benthic",257,NA,25,489,NA,NA,3.9,"hunting macrofauna (predator)","dioecism",NA,NA,NA,NA,22,4.5
"finfish","Actinopterygii","Perciformes","Serranidae","Mycteroperca","Mycteroperca bonaci","species",125.718786094566,0.125599705650434,28.1669660407197,28.6654598084725,9.67624257985243,0.227923466123613,71.7415284540747,24.4648981239217,"reef-associated",NA,NA,NA,250,NA,NA,4.5,"hunting macrofauna (predator)","protogyny","throughout the year, but peaking once","nonguarders","open water/substratum egg scatterers","coastal",NA,NA
"finfish","Actinopterygii","Zeiformes","Oreosomatidae","Allocyttus","Allocyttus niger","species",38.3924471177904,0.0734378887266394,1.28986257082302,37.6851380062713,14.184886388125,0.134379680825151,28.2648946075009,10.9981151286856,"bathypelagic",930,"oceanodromous",560,1300,NA,NA,3.38,"filtering plankton","dioecism","one clear seasonal peak per year","nonguarders",NA,NA,NA,NA
"finfish","Actinopterygii","Scorpaeniformes","Sebastidae","Sebastes","Sebastes melanops","species",49.417653223595,0.146964145236459,2.05029610098954,42.7199550955174,8.42602885138929,0.109057250962829,33.9043262776203,12.3659732489379,"reef-associated",183,NA,0,366,183,274,3.9,"hunting macrofauna (predator)","dioecism",NA,"bearers","internal live bearers","coastal",NA,NA
"finfish","Actinopterygii","Perciformes","Istiophoridae","Istiompax","Istiompax indica","species",137.842313540831,0.383595424753986,15.0373795153099,10.2039887899543,2.44660389692312,0.512589141514266,70.2188316329432,19.0574592421407,"pelagic-oceanic",457.5,"oceanodromous",0,915,0,200,4.46999979019165,"hunting macrofauna (predator)","dioecism","Variable throughout range","nonguarders","open water/substratum egg scatterers",NA,NA,NA
"finfish","Actinopterygii","Perciformes","Pomatomidae","Pomatomus","Pomatomus saltatrix","species",99.8537955516183,0.185448659582066,9.53800162994096,9.6392967700102,2.6779024375532,0.378864828443736,42.6989858778237,23.0941495489717,"pelagic-oceanic",100,"oceanodromous",0,200,NA,NA,4.08,"hunting macrofauna (predator)","dioecism",NA,NA,NA,"shelf",NA,NA
"finfish","Actinopterygii","Scorpaeniformes","Sebastidae","Sebastes","Sebastes mystinus","species",35.2447874084737,0.155359961966541,0.791072154376756,38.4375579327688,7.57864306042342,0.123828172163729,24.2142262622226,14.5922410584446,"reef-associated",275,NA,0,550,183,550,3.48,"variable","dioecism",NA,"bearers","internal live bearers",NA,NA,NA
"finfish","Actinopterygii","Perciformes","Scombridae","Scomber","Scomber australasicus","species",39.33812431554,0.378616370922957,0.702021056795293,7.96903005643873,2.18195234834117,0.569169493816239,23.1887232629687,22.5467043861144,"pelagic-neritic",143.5,"oceanodromous",87,200,NA,NA,4.07999992370605,"hunting macrofauna (predator)",NA,NA,NA,NA,NA,NA,NA
"finfish","Actinopterygii","Perciformes","Istiophoridae","Makaira","Makaira nigricans","species",430.897759757448,0.280475633345384,429.656875789835,16.8466629348774,3.85296899736425,0.328342363534166,202.378663350328,24.053444870992,"pelagic-oceanic",500,"oceanodromous",0,1000,NA,NA,4.3899998664856,"hunting macrofauna (predator)","dioecism",NA,"nonguarders","open water/substratum egg scatterers",NA,NA,NA
"finfish","Actinopterygii","Perciformes","Istiophoridae","Makaira","Makaira mazara","species",469.932498134381,0.194069783280333,644.705360765834,25.1701718109396,5.58884055181642,0.224538819545233,221.923526817253,24.217480945986,"pelagic-oceanic",100,"oceanodromous",0,200,100,NA,4.46,"hunting macrofauna (predator)","dioecism","Variable throughout range","nonguarders","open water/substratum egg scatterers",NA,NA,NA
"finfish","Actinopterygii","Scorpaeniformes","Sebastidae","Sebastes","Sebastes rufus","species",38.0088829763065,0.128353478619067,0.930755733019741,45.5742238919303,9.03826338969516,0.100069344932279,26.4090407384095,10.7930228205853,"demersal",139,NA,31,247,NA,NA,NA,NA,"dioecism",NA,"bearers","internal live bearers",NA,NA,NA
"finfish","Elasmobranchii","Carcharhiniformes","Carcharhinidae","Carcharhinus","Carcharhinus acronotus","species",162.637133196838,0.204458783384171,47.8143690079412,11.430209254863,6.20475665026018,0.351344842739219,117.034370501054,22.4537855886949,"reef-associated",36.5,NA,9,64,9,NA,4.5,"hunting macrofauna (predator)","dioecism",NA,"bearers","internal live bearers","coastal",NA,NA
"finfish","Actinopterygii","Perciformes","Centrolophidae","Hyperoglyphe","Hyperoglyphe antarctica","species",96.0527367615182,0.131405045081084,17.1542706638653,21.7129595330342,5.6943159286019,0.223280578226105,51.5868288905355,11.9320048551187,"benthopelagic",770,NA,40,1500,260,490,3.95,"hunting macrofauna (predator)","dioecism",NA,"nonguarders",NA,NA,NA,NA
"finfish","Actinopterygii","Scorpaeniformes","Sebastidae","Sebastes","Sebastes paucispinis","species",37.9332703513578,0.136548765904023,1.0784789287361,42.5922828511873,8.7838475146727,0.12525982007626,25.5633172078874,15.8515502745113,"reef-associated",238,NA,0,476,NA,NA,3.51,"hunting macrofauna (predator)","dioecism",NA,"bearers","internal live bearers",NA,NA,NA
"finfish","Actinopterygii","Clupeiformes","Clupeidae","Ethmalosa","Ethmalosa fimbriata","species",36.3294511635782,0.583024622195893,0.389624411370989,6.80402516828778,2.00085830112674,0.677742353481186,23.5717125154886,19.6641948457618,"pelagic-neritic",NA,"catadromous",0,NA,0,50,2.46000003814697,"filtering plankton","dioecism","Variable throughout range","nonguarders","open water/substratum egg scatterers","riverine",NA,NA
"finfish","Actinopterygii","Perciformes","Sparidae","Dentex","Dentex tumifrons","species",46.7764053421366,0.211800923375294,1.66786638953271,11.4871675573401,2.85987775239843,0.456520354909902,22.3292157802399,19.680349876202,"demersal",188,NA,30,346,NA,NA,NA,NA,"protogyny",NA,"nonguarders",NA,NA,NA,NA
"finfish","Actinopterygii","Perciformes","Sparidae","Dentex","Dentex spp","genus",53.5548718205662,0.173503443798212,2.48125123603881,13.5618570824353,3.40394052797405,0.376620449401096,25.2976272000552,18.2593748319864,NA,NA,NA,NA,NA,NA,NA,NA,NA,NA,NA,NA,NA,NA,NA,NA
"invertebrate","Malacostraca","Decapoda","Penaeidae","Farfantepenaeus","Farfantepenaeus aztecus","species",18.985,3.5254,0.0605,NA,NA,NA,NA,NA,"benthic",100,NA,0,200,27,54,2.93,NA,"dioecism",NA,"bearers","External brooders",NA,19.5,NA
"finfish","Actinopterygii","Perciformes","Serranidae","Centropristis","Centropristis striata","species",32.4305394308244,0.312475110272788,0.140066996550983,7.57137087820431,2.51470799046414,0.584189845843711,17.701501570918,18.4663702716104,"reef-associated",NA,"oceanodromous",1,NA,NA,NA,3.66,"hunting macrofauna (predator)","protogyny",NA,"nonguarders","open water/substratum egg scatterers",NA,NA,NA
"finfish","Elasmobranchii","Rajiformes","Rajidae","Dipturus","Dipturus laevis","species",177.421605800666,0.112651776189606,27.6909489741667,14.106588748366,7.03486726908228,0.223488792655456,100.32694114394,15.4541756329754,"demersal",375,"oceanodromous",0,750,0,150,4.09,"hunting macrofauna (predator)","dioecism",NA,"nonguarders","open water/substratum egg scatterers",NA,NA,NA
"invertebrate","Malacostraca","Decapoda","Galatheidae","Cervimunida","Cervimunida johni","species",4.92,0.25225,NA,NA,NA,NA,NA,NA,"bathydemersal",275,NA,50,500,NA,NA,2,NA,"dioecism",NA,"bearers","External brooders",NA,8,NA
"finfish","Elasmobranchii","Carcharhiniformes","Carcharhinidae","Carcharhinus","Carcharhinus limbatus","species",193.159096847806,0.193079293705327,56.3357312004771,13.1569219451613,6.9179085042929,0.295364952921512,140.187317800474,25.1753877282137,"reef-associated",50,"amphidromous",0,100,0,30,4.46,"hunting macrofauna (predator)","dioecism",NA,"bearers","internal live bearers",NA,NA,NA
"invertebrate","Malacostraca","Decapoda","Penaeidae","Penaeus","Penaeus esculentus","species",13.7625,0.129,0.050775,NA,NA,NA,NA,NA,"benthic",34.5,NA,8,61,NA,NA,2.77,"variable","dioecism",NA,"bearers","External brooders",NA,14.5,NA
"finfish","Actinopterygii","Perciformes","Stromateidae","Peprilus","Peprilus triacanthus","species",22.7582876283253,0.758583990004279,0.142923935570985,5.62507526192007,1.28884692877307,1.03407893184109,14.3172466548004,17.8352119416989,"benthopelagic",217.5,"oceanodromous",15,420,NA,55,3.68,"hunting macrofauna (predator)","dioecism",NA,"nonguarders",NA,NA,NA,NA
"finfish","Actinopterygii","Gadiformes","Gadidae","Micromesistius","Micromesistius poutassou","species",35.8706979312847,0.282689189616698,0.350968671398329,12.056870363655,3.03664590454871,0.41375542251684,23.4381413288622,12.1502276912313,"bathypelagic",1575,"oceanodromous",150,3000,300,400,3.70000004768372,"hunting macrofauna (predator)","dioecism",NA,"nonguarders","open water/substratum egg scatterers","shelf",NA,NA
"finfish","Actinopterygii","Scorpaeniformes","Cottidae","Scorpaenichthys","Scorpaenichthys marmoratus","species",53.2889237333477,0.23544911503199,1.52899717234997,10.6629272289298,3.25334712441648,0.398674229547751,28.0950234936486,15.7367301021962,"demersal",100,NA,0,200,NA,NA,3.61999988555908,"variable","dioecism",NA,NA,NA,NA,NA,NA
"finfish","Actinopterygii","Scorpaeniformes","Scorpaenidae","Scorpaena","Scorpaena guttata","species",38.7613867167445,0.160853090686934,0.688616580983405,14.0097051865955,3.35220888315074,0.319204074045452,17.1956469475114,17.1604385075437,"demersal",NA,NA,NA,183,NA,30,NA,NA,"dioecism",NA,"nonguarders","open water/substratum egg scatterers",NA,NA,NA
"finfish","Actinopterygii","Osmeriformes","Osmeridae","Mallotus","Mallotus villosus","species",20.3648228581759,0.460515022691593,0.0495181435258081,5.6829930010871,2.84475174623054,0.999801483974034,15.9828253337407,4.76220905412746,"pelagic-oceanic",362.5,"anadromous",0,725,NA,200,3.2,"selective plankton feeding","dioecism","once in a lifetime","nonguarders","open water/substratum egg scatterers","coastal",NA,NA
"finfish","Actinopterygii","Siluriformes","Ariidae","Arius","Arius spp","genus",61.2729341548517,0.235759523138902,2.0251306737092,11.0911798865603,2.68760118914176,0.428308166551622,27.7522405946007,25.5229415778391,NA,NA,NA,NA,NA,NA,NA,NA,NA,NA,NA,NA,NA,NA,NA,NA
"finfish","Actinopterygii","Gadiformes","Merlucciidae","Merluccius","Merluccius capensis","species",119.41087130392,0.113386802694694,15.1614431053344,21.0364017235148,6.3209711990066,0.232625088020229,59.8742969210023,15.1932685027109,"bathydemersal",525,"oceanodromous",50,1000,150,450,3.88,"hunting macrofauna (predator)","dioecism",NA,"nonguarders","open water/substratum egg scatterers",NA,NA,NA
"finfish","Actinopterygii","Clupeiformes","Clupeidae","Clupea","Clupea bentincki","species",18.3799639294323,0.580864376195047,0.0596150666700552,6.02798091351162,1.84023212503224,0.688734649202883,12.8060601604623,14.897757894488,"pelagic-neritic",35,NA,0,70,NA,NA,2.69,"filtering plankton","dioecism","one clear seasonal peak per year","nonguarders","open water/substratum egg scatterers","coastal",NA,NA
"finfish","Actinopterygii","Scorpaeniformes","Sebastidae","Sebastes","Sebastes goodei","species",29.3974054465879,0.188296219294505,0.427076108522536,30.3901044290496,6.08800254016652,0.151065964280472,20.3973035981757,13.3465920816874,"demersal",212.5,NA,0,425,NA,NA,3.46,"variable","dioecism",NA,"bearers","internal live bearers",NA,NA,NA
"finfish","Actinopterygii","Perciformes","Carangidae","Trachurus","Trachurus trecae","species",44.7138936493603,0.254332344007787,1.00368275045615,13.0859633678731,3.09959999558989,0.501731607398576,23.2366179913022,20.0808749508847,"benthopelagic",60,NA,20,100,20,100,3.49,"variable","dioecism",NA,"nonguarders","open water/substratum egg scatterers",NA,NA,NA
"invertebrate","Cephalopoda","Teuthida","Loliginidae","Loligo","Loligo reynaudii","species",NA,NA,NA,NA,NA,NA,NA,NA,NA,NA,NA,NA,NA,NA,NA,NA,NA,NA,NA,NA,NA,NA,NA,NA
"finfish","Actinopterygii","Perciformes","Carangidae","Trachurus","Trachurus murphyi","species",78.9235140596224,0.121142068517534,5.44767730777683,24.3340910695657,5.94178226793407,0.246612369764881,39.0220620421082,15.8515676774481,"pelagic-oceanic",158,"oceanodromous",10,306,10,70,3.49,"hunting macrofauna (predator)","dioecism",NA,"nonguarders","open water/substratum egg scatterers",NA,NA,NA
"finfish","Actinopterygii","Perciformes","Scombridae","Scomber","Scomber japonicus","species",44.0055606241054,0.290197366382591,1.14449502542221,8.57212006127386,2.73840525681396,0.481009738790409,26.9088851333473,15.8404849381833,"pelagic-neritic",150,"oceanodromous",0,300,50,200,3.42,"hunting macrofauna (predator)","dioecism","Variable throughout range","nonguarders","open water/substratum egg scatterers",NA,NA,NA
"finfish","Actinopterygii","Gadiformes","Gadidae","Gadus","Gadus morhua","species",105.850737330993,0.168489075342018,12.3100175287823,15.023341544316,2.13537174512944,0.270287991797001,45.1379349656355,5.56326366382264,"benthopelagic",300,"oceanodromous",0,600,150,200,4.29,"hunting macrofauna (predator)","dioecism","one clear seasonal peak per year","nonguarders","open water/substratum egg scatterers","coastal",NA,NA
"finfish","Actinopterygii","Scorpaeniformes","Sebastidae","Sebastes","Sebastes levis","species",45.9241492155089,0.105472217141131,1.87042658397324,51.838622681032,10.4189740050782,0.0890420543510042,30.2539973581514,14.654382452583,"bathydemersal",260,NA,20,500,90,300,NA,NA,"dioecism",NA,"bearers","internal live bearers",NA,NA,NA
"finfish","Actinopterygii","Perciformes","Sparidae","Pagellus","Pagellus erythrinus","species",37.8379386872952,0.19093497882595,0.654111380038603,11.546384419285,2.92010977723905,0.353385898345045,18.868633378913,19.2110549608645,"benthopelagic",NA,NA,NA,300,20,100,3.46,"hunting macrofauna (predator)","protogyny","two seasonal peaks per year","nonguarders","open water/substratum egg scatterers","coastal",NA,NA
"invertebrate","Malacostraca","Decapoda","Palinuridae","Jasus","Jasus lalandii","species",NA,NA,NA,NA,NA,NA,NA,NA,"benthic",100,NA,0,200,NA,NA,3.27,"hunting macrofauna (predator)",NA,NA,NA,NA,NA,46,NA
"finfish","Actinopterygii","Perciformes","Sciaenidae","Pseudotolithus","Pseudotolithus spp","genus",56.4234612002711,0.328545068961729,1.57912676117017,10.5882891946417,2.91837700036877,0.54873407565389,32.3634351493079,22.9046133960429,NA,NA,NA,NA,NA,NA,NA,NA,NA,NA,NA,NA,NA,NA,NA,NA
"finfish","Actinopterygii","Scorpaeniformes","Sebastidae","Sebastes","Sebastes pinniger","species",47.8755205211319,0.0992996899047823,1.69562244476804,76.7036281907657,13.0124560344673,0.052148581049345,35.8953317794482,6.33073883454502,"demersal",419,NA,0,838,90,270,3.8,"hunting macrofauna (predator)","dioecism",NA,"bearers","internal live bearers",NA,NA,NA
"finfish","Actinopterygii","Salmoniformes","Salmonidae","Oncorhynchus","Oncorhynchus keta","species",105.013337726141,0.344012808845822,10.9286132491289,7.00003773923592,3.6253028324387,0.769782441040999,67.6575163501052,8.46575172160417,"benthopelagic",125,"anadromous",0,250,NA,61,3.42,"hunting macrofauna (predator)","dioecism","once in a lifetime","nonguarders","brood hiders","riverine",NA,NA
"invertebrate","Malacostraca","Decapoda","Penaeidae","Penaeus","Penaeus spp","genus",NA,NA,NA,NA,NA,NA,NA,NA,NA,NA,NA,NA,NA,NA,NA,NA,NA,NA,NA,NA,NA,NA,NA,NA
"finfish","Elasmobranchii","Rajiformes","Rajidae","Raja","Raja eglanteria","species",84.9877016348341,0.169028975712454,3.46221910931347,13.8753230389455,6.3608996840136,0.297040235555166,59.732623683721,12.3078863027211,"demersal",165,"oceanodromous",0,330,0,50,3.74,"hunting macrofauna (predator)","dioecism",NA,"nonguarders","open water/substratum egg scatterers",NA,NA,NA
"finfish","Actinopterygii","Perciformes","Carangidae","Trachurus","Trachurus capensis","species",51.2974995659432,0.205693634462263,1.08967692699253,15.7338457506621,4.18814074666128,0.424383550047151,28.0450648404239,15.4205146246611,"pelagic-neritic",250,NA,0,500,100,300,3.47,"hunting macrofauna (predator)","dioecism",NA,"nonguarders","open water/substratum egg scatterers",NA,NA,NA
"finfish","Actinopterygii","Gadiformes","Lotidae","Brosme","Brosme brosme","species",78.1911606627367,0.1283664531328,6.04873629397222,21.1540830412564,7.09944078547442,0.224228574775959,49.2482498908145,9.07498419899302,"demersal",509,"oceanodromous",18,1000,18,549,4.08,"hunting macrofauna (predator)","dioecism",NA,"nonguarders","open water/substratum egg scatterers",NA,NA,NA
"invertebrate","Cephalopoda","Sepiida","Sepiidae","Sepia","Sepia spp","genus",NA,NA,NA,NA,NA,NA,NA,NA,NA,NA,NA,NA,NA,NA,NA,NA,NA,NA,NA,NA,NA,NA,NA,NA
"finfish","Actinopterygii","Gadiformes","Merlucciidae","Merluccius","Merluccius paradoxus","species",95.8697844829847,0.142764203254431,9.23330151461928,17.6695947403707,5.27175922650543,0.28714911869673,49.9428201327328,15.5148547549207,"bathydemersal",600,"non-migratory",200,1000,400,NA,3.91,"hunting macrofauna (predator)",NA,NA,NA,NA,NA,NA,NA
"finfish","Actinopterygii","Scorpaeniformes","Platycephalidae","Platycephalus","Platycephalus conatus","species",48.2618377263797,0.26611480486902,0.831751775581466,10.5021077434305,3.10027636283591,0.449163102598181,25.5903474301896,17.0262153187718,"demersal",280,NA,70,490,NA,NA,4,"hunting macrofauna (predator)","dioecism",NA,"nonguarders",NA,NA,NA,NA
"finfish","Actinopterygii","Scorpaeniformes","Sebastidae","Sebastes","Sebastes crameri","species",43.6597484824392,0.100697373152791,1.36577163942991,59.7838277620284,11.8145499315856,0.0764015510414607,30.8220572870649,7.51687363862548,"bathydemersal",312.5,NA,25,600,76,NA,NA,NA,"dioecism","one clear seasonal peak per year","bearers","internal live bearers","coastal",NA,NA
"invertebrate","Bivalvia","Ostreoida","Ostreidae","Ostrea","Ostrea chilensis","species",NA,NA,NA,NA,NA,NA,NA,NA,"benthic",275,NA,0,550,NA,NA,NA,"filtering plankton","dioecism",NA,NA,NA,NA,10,NA
"invertebrate","Malacostraca","Decapoda","Penaeidae","Parapenaeus","Parapenaeus longirostris","species",3.72611111111111,0.909305555555556,0.06,3,NA,1.78,NA,NA,"benthic",424,NA,20,828,100,400,3.68,"hunting macrofauna (predator)","dioecism","two seasonal peaks per year","bearers","External brooders",NA,16,NA
"finfish","Actinopterygii","Pleuronectiformes","Pleuronectidae","Microstomus","Microstomus pacificus","species",45.7873448176358,0.13883966919477,1.8313993915996,47.8403530819413,11.3075239291669,0.143726560356019,31.7255597190397,12.0497886641451,"demersal",690,NA,10,1370,NA,NA,3.34,"hunting macrofauna (predator)","dioecism","one clear seasonal peak per year","nonguarders","open water/substratum egg scatterers","coastal",NA,NA
"finfish","Actinopterygii","Scorpaeniformes","Sebastidae","Sebastes","Sebastes variabilis","species",30.445375532191,0.184761945239512,0.474933756792507,38.0808829950896,7.88847270872995,0.13367267227604,23.0291507666555,11.6462412518778,"demersal",340.5,NA,6,675,100,300,NA,NA,"dioecism",NA,NA,NA,"coastal",NA,NA
"finfish","Actinopterygii","Pleuronectiformes","Pleuronectidae","Parophrys","Parophrys vetulus","species",38.0542866167395,0.259863786848491,0.346502315912635,14.9576566978595,3.22331440072436,0.285766140199128,20.630605275597,11.6318569876046,"demersal",275,"oceanodromous",0,550,NA,NA,3.39,"hunting macrofauna (predator)","dioecism",NA,"nonguarders",NA,NA,NA,NA
"finfish","Actinopterygii","Osmeriformes","Osmeridae","Thaleichthys","Thaleichthys pacificus","species",23.250816201446,0.398837374685304,0.0902169001126825,7.51215833792913,2.97123800122817,0.73978596652227,16.8014147690561,8.27492105247738,"pelagic-neritic",150,"anadromous",0,300,NA,NA,3.25,"filtering plankton","dioecism","once in a lifetime","nonguarders","open water/substratum egg scatterers","riverine",NA,NA
"finfish","Actinopterygii","Pleuronectiformes","Pleuronectidae","Hippoglossoides","Hippoglossoides elassodon","species",47.8037899745529,0.135550964986655,1.0576506606248,21.7621624992762,5.69585774063077,0.228729037403943,24.9962998675448,4.8233155202801,"demersal",525,"oceanodromous",0,1050,NA,NA,3.46,"hunting macrofauna (predator)","dioecism",NA,"nonguarders",NA,"shelf",NA,NA
"finfish","Actinopterygii","Pleuronectiformes","Scophthalmidae","Lepidorhombus","Lepidorhombus boscii","species",37.2584239102591,0.186755395600397,0.496362838958438,11.5499877925772,2.56256939611766,0.382137577781844,15.9191596134701,13.9631130681123,"demersal",403.5,NA,7,800,NA,NA,3.56,"hunting macrofauna (predator)","dioecism","one clear seasonal peak per year","nonguarders","open water/substratum egg scatterers",NA,NA,NA
"finfish","Actinopterygii","Perciformes","Carangidae","Caranx","Caranx rhonchus","species",48.2433558764064,0.261358293335522,2.03399651146468,8.65583760250261,2.60007228875294,0.784823549806969,23.1786905492408,22.9649960214426,"benthopelagic",115," ",30,200,30,50,3.6,"hunting macrofauna (predator)","dioecism","one clear seasonal peak per year","nonguarders",NA,"coastal",NA,NA
"finfish","Elasmobranchii","Carcharhiniformes","Carcharhinidae","Carcharhinus","Carcharhinus isodon","species",161.144681438664,0.205887417773506,30.6806889434435,11.8133665042907,6.01410989909673,0.337242618438232,113.842930954576,22.272602959749,"demersal",NA,NA,NA,10,NA,NA,4.27,"hunting macrofauna (predator)","dioecism",NA,"bearers","internal live bearers",NA,NA,NA
"finfish","Actinopterygii","Perciformes","Serranidae","Mycteroperca","Mycteroperca microlepis","species",118.303512696758,0.13930181261671,26.8947427075441,22.4398562596193,8.31212087738449,0.299736860805727,66.2352450047139,23.6909082717683,"reef-associated",95,"oceanodromous",30,160,NA,NA,3.74,"hunting macrofauna (predator)","protogyny","one clear seasonal peak per year","nonguarders","open water/substratum egg scatterers","coastal",NA,NA
"finfish","Actinopterygii","Perciformes","Gempylidae","Rexea","Rexea solandri","species",61.0293614329241,0.204413744652563,1.58722942917006,16.0786971568268,3.90246783369157,0.305093482545311,33.7446729797025,12.5958737451259,"benthopelagic",450,"oceanodromous",100,800,300,450,4.31,"hunting macrofauna (predator)","dioecism","one clear seasonal peak per year","nonguarders","open water/substratum egg scatterers","oceanic",NA,NA
"finfish","Actinopterygii","Gadiformes","Phycidae","Phycis","Phycis blennoides","species",49.2766189201575,0.305055473449018,0.850448963093739,7.48993152203608,2.09168075649201,0.458768983412769,26.7161814414129,14.4747551977858,"benthopelagic",605,"oceanodromous",10,1200,100,450,3.66,"hunting macrofauna (predator)","dioecism",NA,"nonguarders","open water/substratum egg scatterers",NA,NA,NA
"finfish","Actinopterygii","Perciformes","Haemulidae","Pomadasys","Pomadasys spp","genus",40.7527236639658,0.327770802221732,0.780766600781911,9.30854884569765,2.22192347206301,0.808233723017791,19.7899011050286,25.3029456668872,NA,NA,NA,NA,NA,NA,NA,NA,NA,NA,NA,NA,NA,NA,NA,NA
"finfish","Actinopterygii","Pleuronectiformes","Pleuronectidae","Reinhardtius","Reinhardtius hippoglossoides","species",128.06613354588,0.0723238643020503,24.9758537138407,42.9329073181683,10.6849490627291,0.0945648244981132,64.855228949115,3.13967337022572,"benthopelagic",1100.5,"oceanodromous",1,2200,500,1000,4.09,"hunting macrofauna (predator)","dioecism","one clear seasonal peak per year","nonguarders","open water/substratum egg scatterers",NA,NA,NA
"finfish","Actinopterygii","Scorpaeniformes","Sebastidae","Sebastes","Sebastes norvegicus","species",46.1250147295046,0.0956704368718731,1.3022644758604,55.7247530979498,11.233907104205,0.0758440305293578,31.0356326268776,7.94528220821957,"pelagic-oceanic",550,"oceanodromous",100,1000,100,500,4.04,"hunting macrofauna (predator)","dioecism","one clear seasonal peak per year","bearers","internal live bearers",NA,NA,NA
"finfish","Actinopterygii","Scorpaeniformes","Sebastidae","Sebastes","Sebastes carnatus","species",38.0088829763065,0.128353478619067,0.930755733019741,45.5742238919303,9.03826338969516,0.100069344932279,26.4090407384095,10.7930228205853,"demersal",NA,NA,NA,55,15,55,3.62,"hunting macrofauna (predator)","dioecism",NA,"bearers","internal live bearers",NA,NA,NA
"finfish","Actinopterygii","Perciformes","Carangidae","Seriola","Seriola dumerili","species",149.678696990318,0.234620282530773,49.7052190582343,11.8268719227389,3.49255108334669,0.575797499632993,69.0714939186732,23.6110355253865,"reef-associated",180.5,"oceanodromous",1,360,18,72,4.06,"hunting macrofauna (predator)","dioecism","one clear seasonal peak per year","nonguarders","open water/substratum egg scatterers",NA,NA,NA
"finfish","Actinopterygii","Scorpaeniformes","Sebastidae","Sebastes","Sebastes elongatus","species",32.9171133278648,0.13150221189771,0.671163757803161,42.9547419250014,8.55315245064236,0.108222760472901,22.6834097534328,13.0738462400601,"demersal",225,NA,25,425,91,366,NA,NA,"dioecism",NA,"bearers","internal live bearers",NA,NA,NA
"invertebrate","Malacostraca","Decapoda","Aristeidae","Aristaeomorpha","Aristaeomorpha foliacea","species",5.8792,0.563821428571429,0.04995,NA,NA,0.92875,NA,NA,"benthopelagic",680,NA,60,1300,250,750,3.77,"variable",NA,NA,NA,NA,"oceanic",4,NA
"finfish","Actinopterygii","Scorpaeniformes","Sebastidae","Sebastes","Sebastes chlorostictus","species",38.0088829763065,0.128353478619067,0.930755733019741,45.5742238919303,9.03826338969516,0.100069344932279,26.4090407384095,10.7930228205853,"demersal",125,NA,49,201,NA,NA,NA,NA,"dioecism",NA,"bearers","internal live bearers",NA,NA,NA
"finfish","Actinopterygii","Perciformes","Uranoscopidae","Kathetostoma","Kathetostoma giganteum","species",65.3334218656762,0.181541784644055,2.89040664630334,13.3252809162547,3.60574003489492,0.331788893838674,33.9186425549984,10.9984135700428,"demersal",315,NA,30,600,NA,NA,4.21,"hunting macrofauna (predator)",NA,NA,NA,NA,NA,NA,NA
"invertebrate","Malacostraca","Decapoda","Penaeidae","Penaeus","Penaeus semisulcatus","species",7.73685897435897,1.56551282051282,0.08673,NA,NA,2.42645833333333,13.99,NA,"benthic",151,NA,2,300,NA,60,2.92,NA,"dioecism","throughout the year, but peaking once","bearers","External brooders",NA,18,0.13
"finfish","Actinopterygii","Tetraodontiformes","Balistidae","Balistes","Balistes capriscus","species",40.3206515245645,0.304776504315705,1.25001622385221,6.20205348183438,2.26262163976536,0.937330545862755,20.1581396351783,22.7748054449523,"reef-associated",50,NA,0,100,0,55,3.45,"hunting macrofauna (predator)","dioecism","one clear seasonal peak per year","guarders","nesters","coastal",NA,NA
"invertebrate","Echinoidea","Echinoida","Strongylocentrotidae","Strongylocentrotus","Strongylocentrotus droebachiensis","species",NA,NA,NA,NA,NA,NA,NA,NA,"benthic",150,NA,0,300,0,50,2.4,"browsing on substrate","dioecism",NA,NA,NA,NA,10,NA
"finfish","Actinopterygii","Gadiformes","Gadidae","Melanogrammus","Melanogrammus aeglefinus","species",68.3000889543129,0.238768679444594,2.83854208338114,12.8692883567812,2.58794966664935,0.354265019571743,35.1039408205086,8.67370149112102,"demersal",230,"oceanodromous",10,450,10,200,3.56,"hunting macrofauna (predator)","dioecism","one clear seasonal peak per year","nonguarders","open water/substratum egg scatterers","oceanic",NA,NA
"finfish","Actinopterygii","Gadiformes","Merlucciidae","Merluccius","Merluccius merluccius","species",81.1718242926656,0.140354937957731,3.68445733536287,12.3645372261656,3.23597042174023,0.319423285742402,33.9689489614508,13.7791176889934,"demersal",552.5,NA,30,1075,70,400,4.43,"hunting macrofauna (predator)","dioecism","one clear seasonal peak per year","nonguarders","open water/substratum egg scatterers","coastal",NA,NA
"finfish","Actinopterygii","Clupeiformes","Clupeidae","Clupea","Clupea harengus","species",30.3127375201757,0.33429255524352,0.212215158082762,12.4112762961933,4.06592570840787,0.250360616655768,25.2859880352128,8.33407524921448,"benthopelagic",182,"oceanodromous",0,364,0,200,3.28999996185303,"selective plankton feeding","dioecism","no obvious seasonal peak","nonguarders","open water/substratum egg scatterers","coastal",NA,NA
"finfish","Actinopterygii","Clupeiformes","Clupeidae","Clupea","Clupea pallasii pallasii","species",29.1224117963927,0.379136758343561,0.319777639267949,11.1706455510435,3.65059185991176,0.45141288610526,22.1158852024155,10.3340970183527,"pelagic-neritic",237.5,"non-migratory",0,475,NA,NA,3.46000003814697,"hunting macrofauna (predator)","dioecism","one clear seasonal peak per year","nonguarders","open water/substratum egg scatterers","coastal",NA,NA
"finfish","Actinopterygii","Perciformes","Carangidae","Trachurus","Trachurus trachurus","species",39.6494545757163,0.207891606109083,0.513541812116091,14.3851372832749,3.13158205331874,0.391212690446964,19.737295275297,13.7654684763243,"pelagic-neritic",525,"oceanodromous",0,1050,100,200,4.18,"hunting macrofauna (predator)","dioecism","one clear seasonal peak per year","nonguarders","open water/substratum egg scatterers","shelf",NA,NA
"invertebrate","Cephalopoda","Teuthida","Ommastrephidae","Illex","Illex illecebrosus","species",29.1333333333333,0.948666666666667,0.51,NA,NA,0.85,NA,NA,"pelagic",500,NA,0,1000,NA,NA,3.98,"hunting macrofauna (predator)","dioecism",NA,NA,NA,NA,27,NA
"finfish","Actinopterygii","Clupeiformes","Engraulidae","Engraulis","Engraulis japonicus","species",18.0169393553999,1.03663295558104,0.0378777886761186,2.88814800755859,0.737839068824746,1.41703646271867,11.0078839784244,18.8254451058416,"pelagic-neritic",200,"oceanodromous",0,400,NA,NA,2.64,"filtering plankton","dioecism","Variable throughout range","nonguarders","open water/substratum egg scatterers","coastal",NA,NA
"finfish","Actinopterygii","Perciformes","Carangidae","Trachurus","Trachurus japonicus","species",51.7636165589253,0.302014550657006,1.21995557617529,8.5146645950047,2.24325730608517,0.676052368890876,25.0216743143829,18.0268106804106,"pelagic-neritic",137.5,"oceanodromous",0,275,50,275,3.4,"selective plankton feeding","dioecism",NA,"nonguarders","open water/substratum egg scatterers",NA,NA,NA
"finfish","Actinopterygii","Scorpaeniformes","Hexagrammidae","Hexagrammos","Hexagrammos decagrammus","species",24.4735687030674,0.460717813070348,0.131501035632866,7.51217781713747,2.35591643229882,0.717915926454074,15.8164970195694,13.5829841637586,"demersal",NA,NA,NA,46,NA,NA,3.58999991416931,"hunting macrofauna (predator)","dioecism",NA,"guarders",NA,NA,NA,NA
"finfish","Actinopterygii","Ophidiiformes","Ophidiidae","Genypterus","Genypterus capensis","species",128.783889506654,0.139897858728755,13.4700016275142,20.8777867727153,6.08460772478975,0.242565537121701,65.4248909125094,15.4443458958319,"bathydemersal",275,NA,50,500,250,350,4.44,"hunting macrofauna (predator)","dioecism",NA,"nonguarders","open water/substratum egg scatterers",NA,NA,NA
"finfish","Actinopterygii","Perciformes","Scombridae","Scomberomorus","Scomberomorus cavalla","species",187.113455659595,0.170680909788113,13.7090599521767,15.3358942483606,3.63856585279105,0.285676549834982,75.4035596334987,24.7650687112907,"reef-associated",72.5,"oceanodromous",5,140,5,15,4.43,"hunting macrofauna (predator)","dioecism","Variable throughout range","nonguarders","open water/substratum egg scatterers","shelf",NA,NA
"finfish","Actinopterygii","Perciformes","Sparidae","Dentex","Dentex macrophthalmus","species",44.6523789878376,0.187514049434706,1.69477441199314,12.7113771805987,3.16065453654466,0.405278731682125,21.6158770913887,17.7288015246678,"benthopelagic",265,"oceanodromous",30,500,NA,NA,3.45,"hunting macrofauna (predator)","dioecism","one clear seasonal peak per year","nonguarders","open water/substratum egg scatterers",NA,NA,NA
"finfish","Actinopterygii","Scorpaeniformes","Hexagrammidae","Ophiodon","Ophiodon elongatus","species",35.644899180128,0.236782227371777,0.392317977944289,12.2253008506389,4.09129826179346,0.409605695172793,22.1176917710201,7.93920958208166,"demersal",237.5,"oceano-estuarine",0,475,NA,NA,4.3,"hunting macrofauna (predator)","dioecism",NA,"guarders","nesters",NA,NA,NA
"invertebrate","Cephalopoda","Teuthida","Loliginidae","Doryteuthis","Doryteuthis pealeii","species",30.65,0.77,0.4435,NA,NA,0.87,NA,NA,"benthopelagic",200,NA,0,400,NA,NA,3.41,"hunting macrofauna (predator)","dioecism",NA,NA,NA,NA,50,NA
"finfish","Elasmobranchii","Rajiformes","Rajidae","Raja","Raja rhina","species",117.054925194451,0.126021205811834,9.56746941199623,18.9564111945485,7.92044877067566,0.214573100799556,79.2159109732663,13.2537261624093,"bathydemersal",539,NA,9,1069,55,350,NA,NA,"dioecism",NA,"nonguarders","open water/substratum egg scatterers",NA,NA,NA
"invertebrate","Malacostraca","Decapoda","Nephropidae","Homarus","Homarus americanus","species",NA,NA,NA,NA,5,NA,NA,NA,"benthic",240,NA,0,480,4,50,3.36,"hunting macrofauna (predator)",NA,NA,NA,NA,NA,64,NA
"finfish","Elasmobranchii","Rajiformes","Rajidae","Leucoraja","Leucoraja erinacea","species",58.8625010785544,0.220689291588335,1.15342651146026,11.414989192385,5.32731114843841,0.367765828376785,41.8954322104809,14.4940540242078,"demersal",164.5,"oceanodromous",0,329,NA,NA,3.1,"hunting macrofauna (predator)","dioecism",NA,"nonguarders","open water/substratum egg scatterers",NA,NA,NA
"finfish","Actinopterygii","Scorpaeniformes","Sebastidae","Sebastolobus","Sebastolobus altivelis","species",47.2408646616291,0.0709223520073251,1.98067109457389,41.3666478809492,11.4101590473539,0.0973836937971203,28.5606409897012,11.7480636797707,"bathydemersal",979,NA,201,1757,NA,NA,NA,NA,"dioecism",NA,NA,NA,"coastal",NA,NA
"finfish","Actinopterygii","Perciformes","Scombridae","Scomber","Scomber scombrus","species",41.2477359968697,0.345137662924762,0.62436988997402,13.8119594641597,3.03097703406888,0.287659477519624,28.86684177992,11.4977221356873,"pelagic-neritic",500,"oceanodromous",0,1000,0,200,3.73,"variable","dioecism","one clear seasonal peak per year","nonguarders","open water/substratum egg scatterers","coastal",NA,NA
"finfish","Actinopterygii","Pleuronectiformes","Scophthalmidae","Lepidorhombus","Lepidorhombus whiffiagonis","species",51.225058229197,0.154853753116525,1.15087636734227,13.1400458460859,2.70804095922377,0.301679285534074,20.2499687162381,10.3788631850957,"bathydemersal",400,NA,100,700,NA,NA,3.51,"hunting macrofauna (predator)","dioecism","one clear seasonal peak per year","nonguarders","open water/substratum egg scatterers","oceanic",NA,NA
"finfish","Actinopterygii","Clupeiformes","Clupeidae","Brevoortia","Brevoortia patronus","species",25.575175123864,0.36859012045512,0.342890196363342,6.41304228705488,2.3731608888332,0.833561547494864,14.9326531003982,25.8224367272094,"pelagic-neritic",25,NA,0,50,NA,NA,2.19,"filtering plankton","dioecism","one clear seasonal peak per year","nonguarders","open water/substratum egg scatterers","coastal",NA,NA
"finfish","Actinopterygii","Clupeiformes","Clupeidae","Brevoortia","Brevoortia tyrannus","species",34.9400629378232,0.383686229063399,1.42158789498861,8.70010398941757,2.9342638703358,0.599651277868469,23.3263912723662,19.2790518956041,"pelagic-neritic",25,"oceanodromous",0,50,NA,NA,2.61,"filtering plankton","dioecism","two seasonal peaks per year","nonguarders","open water/substratum egg scatterers","shelf",NA,NA
"finfish","Actinopterygii","Perciformes","Carangidae","Trachurus","Trachurus mediterraneus","species",36.8088913083519,0.277863826777146,0.521608108885046,14.3657221821221,3.08176325250428,0.42695145091917,20.8197366921841,16.4378535308576,"pelagic-oceanic",250,"oceanodromous",0,500,5,250,3.36999988555908,"hunting macrofauna (predator)","dioecism",NA,"nonguarders","open water/substratum egg scatterers",NA,NA,NA
"finfish","Actinopterygii","Lophiiformes","Lophiidae","Lophius","Lophius americanus","species",149.869636903637,0.0825305679621351,43.019912179549,14.0964161533662,3.95237760417946,0.210344563779028,50.3416942582688,9.03306872643478,"demersal",400,"oceanodromous",0,800,NA,NA,NA,"hunting macrofauna (predator)","dioecism","one clear seasonal peak per year","nonguarders","open water/substratum egg scatterers",NA,NA,NA
"finfish","Actinopterygii","Perciformes","Cheilodactylidae","Nemadactylus","Nemadactylus macropterus","species",50.8284003348081,0.170951676095837,1.71166790586874,45.9597573987444,7.46932357745781,0.121238711686577,36.2306567522279,12.6077915543059,"demersal",236,NA,22,450,100,250,3.41,"hunting macrofauna (predator)","dioecism",NA,"nonguarders",NA,"coastal",NA,NA
"finfish","Actinopterygii","Mugiliformes","Mugilidae","Mugil","Mugil cephalus","species",59.6963933318987,0.247450922040746,2.06167457578126,14.948340695637,3.85297225169962,0.328870343512393,34.6868638921287,19.2825356929839,"benthopelagic",60,"catadromous",0,120,0,10,2.48,"variable","dioecism","one clear seasonal peak per year","nonguarders","open water/substratum egg scatterers","estuarine",NA,NA
"finfish","Actinopterygii","Perciformes","Lutjanidae","Lutjanus","Lutjanus analis","species",92.146847824603,0.156344976358841,10.6062730726435,16.4622220073045,3.49730979123246,0.230333462294584,44.3696632194695,26.1318957964377,"reef-associated",60,NA,25,95,40,70,3.92,"hunting macrofauna (predator)","dioecism",NA,"nonguarders","open water/substratum egg scatterers","coastal",NA,NA
"invertebrate","Malacostraca","Decapoda","Nephropidae","Nephrops","Nephrops norvegicus","species",8.10280487804878,0.146634146341463,NA,NA,2,0.355695652173913,NA,NA,"benthic",410,NA,20,800,200,600,3.67,"variable",NA,NA,NA,NA,"coastal",24,NA
"finfish","Actinopterygii","Gadiformes","Gadidae","Trisopterus","Trisopterus esmarkii","species",21.9583966411779,0.514346979002221,0.0683507893274223,4.87470858387716,1.47882466880394,1.04219778909623,14.0168911918716,8.90880150102527,"benthopelagic",175,"oceanodromous",50,300,100,200,3.73,"hunting macrofauna (predator)","dioecism",NA,"nonguarders","open water/substratum egg scatterers","oceanic",NA,NA
"finfish","Actinopterygii","Scorpaeniformes","Sebastidae","Sebastes","Sebastes polyspinis","species",37.273100242209,0.160419903463441,0.781789617148397,49.9860892823874,8.73081989167543,0.0976274384252448,28.5066260250956,5.76946555327853,"demersal",370,NA,0,740,NA,NA,3.78,"hunting macrofauna (predator)","dioecism",NA,"bearers","internal live bearers",NA,NA,NA
"finfish","Actinopterygii","Pleuronectiformes","Pleuronectidae","Lepidopsetta","Lepidopsetta polyxystra","species",42.735198439785,0.198875342931819,0.778201469793684,17.1215535445431,4.14243702034836,0.260013350962445,23.5623964506658,5.99678950402328,"demersal",350,NA,0,700,19,246,NA,"variable","dioecism",NA,"nonguarders",NA,"coastal",NA,NA
"invertebrate","Malacostraca","Decapoda","Pandalidae","Heterocarpus","Heterocarpus reedi","species",4.3105,0.16575,NA,NA,NA,NA,NA,NA,"demersal",289.5,NA,155,424,NA,NA,NA,NA,"dioecism",NA,"bearers","External brooders",NA,3.4,NA
"finfish","Actinopterygii","Ophidiiformes","Ophidiidae","Genypterus","Genypterus blacodes","species",132.962150753546,0.112999100645428,12.7745207917928,26.3299698777538,7.63850577507059,0.193380201671126,68.7285314264836,11.9489700649448,"bathydemersal",511,"oceanodromous",22,1000,300,550,4.18,"hunting macrofauna (predator)","dioecism",NA,"nonguarders","open water/substratum egg scatterers","oceanic",NA,NA
"finfish","Actinopterygii","Perciformes","Sparidae","Pagrus","Pagrus auratus","species",72.9233157460552,0.116113979061982,5.6905887046169,23.6361189183508,5.75409701904283,0.204237563103395,37.0817363137381,13.3655418460346,"reef-associated",100,"oceanodromous",0,200,NA,NA,3.47,"hunting macrofauna (predator)","dioecism","one clear seasonal peak per year","nonguarders","open water/substratum egg scatterers","coastal",NA,NA
"invertebrate","Cephalopoda","Octopoda","Octopodidae","Octopus","Octopus vulgaris","species",32.35,0.596,10.85,NA,NA,0.82,NA,NA,"reef-associated",173.5,"oceanodromous",0,347,0,100,3.74,"hunting macrofauna (predator)","dioecism",NA,NA,NA,NA,24.9,10
"finfish","Actinopterygii","Pleuronectiformes","Paralichthyidae","Paralichthys","Paralichthys olivaceus","species",79.5625126834715,0.220567087445664,3.50372388468532,8.93492357360677,1.50640189894888,0.412461517911268,25.0727631408801,17.1701234819121,"demersal",105,"oceanodromous",10,200,NA,NA,3.72,"hunting macrofauna (predator)","dioecism",NA,"nonguarders","open water/substratum egg scatterers","coastal",NA,NA
"finfish","Actinopterygii","Perciformes","Zoarcidae","Zoarces","Zoarces americanus","species",91.01085185401,0.123065390135451,4.7888063035565,19.5789512014802,5.29328789332734,0.243184538939614,44.3686594491892,12.1210943808368,"demersal",194,"oceanodromous",0,388,NA,NA,3.36,"hunting macrofauna (predator)","dioecism",NA,"guarders","nesters",NA,NA,NA
"finfish","Actinopterygii","Beryciformes","Trachichthyidae","Hoplostethus","Hoplostethus atlanticus","species",59.3531339577036,0.0691201329722476,1.87559308445309,21.8023770642846,8.62411300801008,0.192218619813368,30.210772146538,11.8089214374705,"bathypelagic",994.5,"oceanodromous",180,1809,400,900,4.05000019073486,"hunting macrofauna (predator)","dioecism","one clear seasonal peak per year","nonguarders",NA,"shelf",NA,NA
"finfish","Actinopterygii","Perciformes","Scombridae","Thunnus","Thunnus orientalis","species",183.033984268092,0.177802918162012,84.5690428584776,14.3895275686396,4.52649294860103,0.295899213248478,94.6978822846951,19.7937066263433,"pelagic-oceanic",275.5,"oceanodromous",1,550,NA,NA,NA,"hunting macrofauna (predator)",NA,NA,NA,NA,"oceanic",NA,NA
"finfish","Actinopterygii","Clupeiformes","Engraulidae","Engraulis","Engraulis ringens","species",19.9370752900354,0.923901870370166,0.05349423530798,3.43223820755557,0.91623084167503,1.18118689494488,12.9349873446634,18.0453668301556,"pelagic-neritic",41.5,"oceanodromous",3,80,NA,NA,2.85999989509582,"filtering plankton","dioecism","Two seasonal peaks per year","nonguarders","open water/substratum egg scatterers","coastal",NA,NA
"invertebrate","Malacostraca","Decapoda","Pandalidae","Pandalus","Pandalus borealis","species",2.74416666666667,0.293666666666667,NA,NA,NA,0.8775,NA,NA,"benthopelagic",729.5,NA,9,1450,50,500,3.07,"variable","dioecism","one clear seasonal peak per year","guarders",NA,NA,12,NA
"finfish","Actinopterygii","Gadiformes","Merlucciidae","Macruronus","Macruronus magellanicus","species",95.8070020596649,0.165156444806815,2.67587347414017,19.4950053802499,5.406019180529,0.2414494509987,54.2751587224005,8.71791375249497,"benthopelagic",265,"oceanodromous",30,500,NA,NA,3.93,"variable",NA,NA,NA,NA,NA,NA,NA
"invertebrate","Gastropoda","Patellogastropoda","Haliotidae","Haliotis","Haliotis iris","species",13.6755555555556,0.28535,0.1320924975,NA,NA,0.1,NA,NA,"benthic",NA,NA,NA,NA,NA,NA,2,NA,NA,NA,NA,NA,NA,NA,NA
"finfish","Actinopterygii","Gadiformes","Gadidae","Gadus","Gadus macrocephalus","species",93.4097107526428,0.207941056036611,8.02565924836648,16.811065053349,3.63843992006247,0.403583439350381,51.3099965123801,5.87303096746076,"demersal",645,"oceanodromous",10,1280,100,400,4.37,"hunting macrofauna (predator)","dioecism","one clear seasonal peak per year","nonguarders","open water/substratum egg scatterers",NA,NA,NA
"finfish","Actinopterygii","Scorpaeniformes","Sebastidae","Sebastes","Sebastes alutus","species",43.3571190507531,0.125251896343034,1.05427626915291,55.1281810473126,9.82508800020516,0.100603031973743,29.3066435922834,6.46268952192514,"bathydemersal",412.5,NA,0,825,165,293,3.62,"hunting macrofauna (predator)","dioecism",NA,"bearers","internal live bearers","coastal",NA,NA
"invertebrate","Bivalvia","Myoida","Hiatellidae","Panopea","Panopea generosa","species",13.5444444444444,0.228444444444444,NA,100,NA,0.027,NA,NA,"benthic",55,NA,0,110,NA,NA,2,"filtering plankton","dioecism",NA,NA,NA,NA,17.5,NA
"finfish","Actinopterygii","Gadiformes","Merlucciidae","Merluccius","Merluccius productus","species",68.1819950893393,0.226489183767668,1.88564882970252,12.1164462314316,3.53714341928103,0.425993975503288,36.9019249559595,13.1294856081809,"pelagic-neritic",500,NA,0,1000,NA,229,3.98000001907349,"hunting macrofauna (predator)","dioecism",NA,NA,NA,"oceanic",NA,NA
"finfish","Actinopterygii","Pleuronectiformes","Pleuronectidae","Hippoglossus","Hippoglossus stenolepis","species",177.84227071311,0.0657694285561489,71.4916620424012,38.9837812091995,13.3840427410892,0.13252907025403,89.9389421434308,4.36019635956038,"demersal",600,"oceanodromous",0,1200,NA,NA,3.92,"hunting macrofauna (predator)","dioecism",NA,"nonguarders",NA,NA,NA,NA
"finfish","Actinopterygii","Perciformes","Sparidae","Spicara","Spicara smaris","species",19.976023452366,0.408866619868884,0.0651642432707748,6.74264465407834,1.4452932267332,0.693212759319447,10.1966506782312,16.0522466018614,"pelagic-neritic",171.5,NA,15,328,NA,NA,3.16000008583069,"hunting macrofauna (predator)","protogyny","one clear seasonal peak per year","guarders","nesters","coastal",NA,NA
"finfish","Actinopterygii","Clupeiformes","Clupeidae","Sardinops","Sardinops sagax","species",27.2242835609629,0.439956074617132,0.1514704983143,14.1545277545647,3.43262428048952,0.383621439037133,20.4055188449424,16.8032013430646,"pelagic-neritic",100,"oceanodromous",0,200,NA,NA,2.61,"selective plankton feeding","dioecism","Two seasonal peaks per year","nonguarders","open water/substratum egg scatterers","coastal",NA,NA
"invertebrate","Malacostraca","Decapoda","Penaeidae","Farfantepenaeus","Farfantepenaeus duorarum","species",15.0681818181818,2.10607545454545,0.0868633333333333,2,NA,NA,NA,NA,"benthic",165,NA,0,330,11,36,2.98,"variable","dioecism",NA,"nonguarders","Open water/substratum egg scatterers",NA,26.8999996185303,NA
"finfish","Actinopterygii","Pleuronectiformes","Pleuronectidae","Pleuronectes","Pleuronectes platessa","species",54.1674963971377,0.138225441614112,1.7527756458937,26.6124928443415,3.91300243098913,0.143922486594067,24.5679323472381,11.314410051571,"demersal",100,"oceanodromous",0,200,10,50,3.23,"hunting macrofauna (predator)","dioecism","one clear seasonal peak per year","nonguarders","open water/substratum egg scatterers","coastal",NA,NA
"finfish","Actinopterygii","Gadiformes","Gadidae","Pollachius","Pollachius virens","species",118.832811573653,0.135178766096073,18.3620075863718,24.4662158818317,5.27970830602333,0.213934974123137,62.062253574998,8.77507160123609,"demersal",200.5,"oceanodromous",37,364,NA,NA,3.61,"hunting macrofauna (predator)","dioecism",NA,"nonguarders","open water/substratum egg scatterers","shelf",NA,NA
"finfish","Elasmobranchii","Lamniformes","Lamnidae","Lamna","Lamna nasus","species",300.948513720586,0.091360565383303,198.596776446146,30.5296412881503,12.9341685098323,0.15239788832485,184.517498375585,9.8948287866906,"pelagic-oceanic",357.5,"oceanodromous",0,715,NA,NA,4.36,"hunting macrofauna (predator)","dioecism",NA,"bearers","internal live bearers",NA,NA,NA
"finfish","Actinopterygii","Gadiformes","Gadidae","Trisopterus","Trisopterus minutus","species",24.0549729492552,0.405668789621168,0.135958889974044,5.27375982110463,1.50969917886618,0.943291768595021,13.6267921964746,12.6678673732563,"benthopelagic",220.5,"non-migratory",1,440,15,200,3.67,"hunting macrofauna (predator)","dioecism",NA,"nonguarders","open water/substratum egg scatterers","coastal",NA,NA
"finfish","Actinopterygii","Salmoniformes","Salmonidae","Oncorhynchus","Oncorhynchus gorbuscha","species",74.069836447468,0.376485057236393,4.52927453496791,7.64248357007311,3.26304700371671,0.768511330749414,47.1515930728003,12.2794924137243,"demersal",125,"anadromous",0,250,NA,NA,3.39,"hunting macrofauna (predator)","dioecism","once in a lifetime","nonguarders","brood hiders","riverine",NA,NA
"finfish","Actinopterygii","Pleuronectiformes","Pleuronectidae","Eopsetta","Eopsetta jordani","species",53.5660953591053,0.149203078210487,4.02318060706424,27.6766249352777,7.93195173911285,0.192871010159989,35.362481725589,8.91997132410025,"demersal",275,NA,0,550,NA,NA,4.1,"hunting macrofauna (predator)","dioecism","one clear seasonal peak per year","nonguarders",NA,"coastal",NA,NA
"finfish","Actinopterygii","Perciformes","Nototheniidae","Dissostichus","Dissostichus eleginoides","species",131.608990589993,0.0876433221535874,26.1489279264977,25.1145373131668,8.91816804088087,0.167448109866693,69.9311173844051,9.85737309961011,"pelagic-oceanic",1950,"oceanodromous",50,3850,70,1500,3.96,"hunting macrofauna (predator)","dioecism","one clear seasonal peak per year",NA,NA,"oceanic",NA,NA
"finfish","Actinopterygii","Scorpaeniformes","Sebastidae","Sebastes","Sebastes maliger","species",38.0088829763065,0.128353478619067,0.930755733019741,45.5742238919303,9.03826338969516,0.100069344932279,26.4090407384095,10.7930228205853,"demersal",137,NA,0,274,0,92,3.51,"hunting macrofauna (predator)","dioecism",NA,"bearers","internal live bearers",NA,NA,NA
"invertebrate","Bivalvia","Veneroida","Arcticidae","Arctica","Arctica islandica","species",10.71,0.02,NA,NA,NA,NA,NA,NA,"benthic",241,NA,0,482,NA,NA,2,"variable","dioecism",NA,NA,NA,NA,12.7,NA
"finfish","Actinopterygii","Perciformes","Sparidae","Pagrus","Pagrus major","species",68.6764285748825,0.151006063859157,4.44714802113615,12.620226928125,3.43551601580487,0.326894659505963,31.2759322903885,16.6549808499952,"demersal",105,"oceanodromous",10,200,NA,NA,3.45,"hunting macrofauna (predator)","dioecism",NA,"nonguarders",NA,NA,NA,NA
"finfish","Actinopterygii","Perciformes","Sparidae","Pagellus","Pagellus bogaraveo","species",53.6157310774032,0.136200373835438,2.52319844794016,14.1644150175705,3.84941990308055,0.262152831795098,26.5441098114949,13.5208540581602,"benthopelagic",425,NA,150,700,150,300,3.73,"hunting macrofauna (predator)","protandry",NA,"nonguarders","open water/substratum egg scatterers",NA,NA,NA
"invertebrate","Malacostraca","Decapoda","Geryonidae","Chaceon","Chaceon quinquedens","species",NA,NA,NA,NA,NA,NA,NA,NA,"benthic",1121.5,NA,0,2243,NA,NA,3.86,"variable",NA,NA,NA,NA,NA,18,NA
"invertebrate","Malacostraca","Decapoda","Aristeidae","Aristeus","Aristeus antennatus","species",6.45521739130435,0.410413043478261,NA,NA,NA,NA,NA,NA,"demersal",1150,NA,100,2200,350,800,3.3,"hunting macrofauna (predator)","dioecism",NA,"bearers","External brooders",NA,22,NA
"finfish","Actinopterygii","Scorpaeniformes","Sebastidae","Sebastes","Sebastes mentella","species",44.5292766923216,0.0895594835223308,1.44437176919866,52.2138602744329,11.0041843060916,0.077091790246277,29.4164301304189,7.7497244817554,"bathypelagic",870.5,"oceanodromous",300,1441,NA,NA,4.12,"hunting macrofauna (predator)","dioecism","one clear seasonal peak per year","bearers","internal live bearers","coastal",NA,NA
"finfish","Actinopterygii","Scorpaeniformes","Sebastidae","Sebastes","Sebastes spp","genus",38.0088829763065,0.128353478619067,0.930755733019741,45.5742238919303,9.03826338969516,0.100069344932279,26.4090407384095,10.7930228205853,NA,NA,NA,NA,NA,NA,NA,NA,NA,NA,NA,NA,NA,NA,NA,NA
"finfish","Actinopterygii","Pleuronectiformes","Pleuronectidae","Glyptocephalus","Glyptocephalus zachirus","species",39.4276175836387,0.226248264194214,0.574712661463493,19.0170489803987,4.7829614192728,0.269256050036207,23.817180810127,9.46047316501424,"demersal",450,NA,0,900,61,500,3.41,"hunting macrofauna (predator)","dioecism",NA,"nonguarders",NA,NA,NA,NA
"finfish","Actinopterygii","Scorpaeniformes","Sebastidae","Sebastes","Sebastes aleutianus","species",52.1759717647154,0.0779392062927765,2.54307742977446,94.8540539681442,17.6215594623371,0.0536947376070163,38.0921994546269,8.95576064274607,"bathydemersal",462.5,NA,25,900,NA,NA,3.66,"hunting macrofauna (predator)","dioecism",NA,"bearers","internal live bearers",NA,NA,NA
"finfish","Actinopterygii","Perciformes","Serranidae","Epinephelus","Epinephelus morio","species",87.9196069727948,0.139844800968803,9.30929122914767,21.8732463628091,6.88191270042906,0.230377175155418,48.4349182022561,25.7849007769896,"reef-associated",167.5,"non-migratory",5,330,70,330,3.63,"hunting macrofauna (predator)","protogyny","one clear seasonal peak per year","nonguarders","open water/substratum egg scatterers","coastal",NA,NA
"finfish","Actinopterygii","Clupeiformes","Dussumieriidae","Etrumeus","Etrumeus sadina","species",22.9260657294909,0.774951582754836,0.106835654519449,4.67295088508278,2.81557154142719,1.2268697472167,18.6403060986015,17.7420687540843,"pelagic-neritic",62.5,"oceanodromous",0,125,NA,NA,3.40000009536743,"selective plankton feeding","dioecism",NA,"nonguarders","open water/substratum egg scatterers","coastal",NA,NA
"invertebrate","Malacostraca","Decapoda","Lithodidae","Paralithodes","Paralithodes camtschaticus","species",NA,NA,NA,NA,NA,NA,NA,NA,"benthic",120,NA,0,240,NA,NA,3.79,"hunting macrofauna (predator)","dioecism",NA,"bearers","External brooders",NA,22,NA
"finfish","Actinopterygii","Perciformes","Mullidae","Mullus","Mullus barbatus barbatus","species",25.3226195733053,0.285568525390213,0.185816610157969,10.0006195624377,1.1097321175977,0.430983457032949,12.6748571706696,14.1820792998032,"demersal",169,NA,10,328,100,300,3.24,"hunting macrofauna (predator)","dioecism","one clear seasonal peak per year","nonguarders",NA,NA,NA,NA
"invertebrate","Malacostraca","Decapoda","Cancridae","Cancer","Cancer irroratus","species",NA,NA,NA,NA,NA,NA,NA,NA,"benthic",287.5,NA,0,575,NA,NA,3.29,NA,"dioecism",NA,"bearers","External brooders",NA,NA,NA
"finfish","Actinopterygii","Perciformes","Sparidae","Pagellus","Pagellus bellottii","species",35.5685078219238,0.272624669269918,0.607170610971339,8.70948933985222,2.17847356381685,0.503395389227149,17.6840881919845,24.0601801698885,"demersal",NA,NA,NA,250,10,50,3.6,"hunting macrofauna (predator)","protogyny",NA,"nonguarders","open water/substratum egg scatterers",NA,NA,NA
"finfish","Actinopterygii","Perciformes","Sparidae","Pagrus","Pagrus pagrus","species",56.3634962856301,0.162559303786114,3.21937484360477,14.8934739271536,3.77212561008139,0.334800484780515,27.1998104143542,20.9590707530488,"benthopelagic",125,"oceanodromous",0,250,10,80,3.55,"hunting macrofauna (predator)","protogyny",NA,"nonguarders","open water/substratum egg scatterers","coastal",NA,NA
"invertebrate","Malacostraca","Decapoda","Palinuridae","Jasus","Jasus edwardsii","species",14.025,0.255,NA,NA,NA,NA,NA,NA,"benthic",102.5,NA,5,200,NA,NA,3.23,"hunting macrofauna (predator)","dioecism",NA,"bearers","External brooders",NA,58,NA
"finfish","Actinopterygii","Clupeiformes","Clupeidae","Sardinella","Sardinella aurita","species",28.4546594439732,0.493533920299337,0.186032381426249,6.89412058541222,2.34054626607976,0.771609759912167,18.7050890261192,17.3853130645051,"reef-associated",175,"oceanodromous",0,350,NA,NA,3.04,"selective plankton feeding","dioecism","Variable throughout range","nonguarders","open water/substratum egg scatterers",NA,NA,NA
"finfish","Elasmobranchii","Rajiformes","Rajidae","Leucoraja","Leucoraja garmani","species",83.1752080714854,0.160253762788261,3.19758894943458,14.9567252471521,7.08782126578583,0.269428137956962,57.3240332720874,13.1009520826992,"reef-associated",292.5,"oceanodromous",55,530,NA,NA,3.81,"hunting macrofauna (predator)","dioecism",NA,"nonguarders","open water/substratum egg scatterers","shelf",NA,NA
"finfish","Actinopterygii","Perciformes","Lutjanidae","Lutjanus","Lutjanus campechanus","species",89.8794307927618,0.170138166772954,11.1406833219398,15.1951766222775,3.24976046539868,0.228282398248286,44.9577682812937,24.23053665933,"reef-associated",100,NA,10,190,30,130,3.92,"hunting macrofauna (predator)","dioecism",NA,"nonguarders","open water/substratum egg scatterers","coastal",NA,NA
"finfish","Actinopterygii","Pleuronectiformes","Pleuronectidae","Lepidopsetta","Lepidopsetta bilineata","species",49.6348261925755,0.132012346260977,1.32937720102035,22.619973293794,5.67150594098147,0.190921502773629,26.3572582575003,5.24632644056335,"demersal",287.5,NA,0,575,0,183,3.48,"hunting macrofauna (predator)","dioecism",NA,"nonguarders",NA,"coastal",NA,NA
"invertebrate","Malacostraca","Decapoda","Galatheidae","Pleuroncodes","Pleuroncodes monodon","species",NA,NA,NA,NA,NA,NA,NA,NA,"benthic",475,NA,50,900,NA,NA,2.76,NA,"dioecism",NA,"bearers","External brooders",NA,8,NA
"invertebrate","Gastropoda","Patellogastropoda","Haliotidae","Haliotis","Haliotis midae","species",19.069,0.347692307692308,NA,NA,NA,NA,NA,NA,"benthic",5,NA,0,10,NA,NA,2,"grazing on aquatic plants","dioecism","two seasonal peaks per year","nonguarders","Open water/substratum egg scatterers",NA,25,NA
"finfish","Actinopterygii","Scorpaeniformes","Anoplopomatidae","Anoplopoma","Anoplopoma fimbria","species",74.2696342153773,0.213002206863196,3.58443700747198,15.8983432653931,5.67301953958431,0.285281648960246,49.3751595261212,8.94386039763082,"bathydemersal",1457.5,"oceanodromous",175,2740,175,1450,4.12,"hunting macrofauna (predator)","dioecism",NA,"nonguarders","open water/substratum egg scatterers","coastal",NA,NA
"finfish","Actinopterygii","Perciformes","Istiophoridae","Istiophorus","Istiophorus albicans","species",242.596732189585,0.429096928745514,30.647084021119,7.3577910022105,1.87336736136329,0.639248290342673,103.953299772649,22.9263659538454,"pelagic-oceanic",100,"oceanodromous",0,200,NA,NA,4.42000007629395,"hunting macrofauna (predator)","dioecism","Variable throughout range","nonguarders","open water/substratum egg scatterers","oceanic",NA,NA
"finfish","Actinopterygii","Clupeiformes","Clupeidae","Sardinella","Sardinella spp","genus",21.9475340445639,0.766900942173271,0.104067306526816,4.78318666946207,1.53799335016974,1.09329176973095,14.5769503267033,24.4708685004166,NA,NA,NA,NA,NA,NA,NA,NA,NA,NA,NA,NA,NA,NA,NA,NA
"finfish","Actinopterygii","Clupeiformes","Clupeidae","Sardina","Sardina pilchardus","species",20.2625605124589,0.403210641286095,0.062422384452075,8.35937762636224,2.55003765227035,0.483738302759745,13.9395003816267,18.2009356776563,"pelagic-neritic",55,"oceanodromous",10,100,25,100,2.94,"selective plankton feeding","dioecism","Variable throughout range","nonguarders","open water/substratum egg scatterers","coastal",NA,NA
"finfish","Actinopterygii","Beloniformes","Scomberesocidae","Cololabis","Cololabis saira","species",35.3043644913855,0.494984579517108,0.227335270577456,4.88970855354898,1.66702301450382,0.990532770202032,19.9593216615043,13.0246683431491,"pelagic-oceanic",115,"oceanodromous",0,230,NA,NA,3.71,"selective plankton feeding","dioecism",NA,"nonguarders",NA,NA,NA,NA
"finfish","Elasmobranchii","Carcharhiniformes","Carcharhinidae","Carcharhinus","Carcharhinus plumbeus","species",219.679625531877,0.0743410021407147,86.5408873668863,21.2675840452142,10.4936713579822,0.148990177960425,134.927554580582,17.9791671669359,"benthopelagic",250,"oceanodromous",0,500,20,65,4.23,"hunting macrofauna (predator)","dioecism","variable throughout range","bearers","internal live bearers","estuarine",NA,NA
"finfish","Actinopterygii","Scorpaeniformes","Sebastidae","Sebastes","Sebastes jordani","species",30.7172285735095,0.199790812224135,0.399247161270415,27.8150699588865,5.67386358957699,0.15281974186211,21.5970722581037,8.59546395396996,"demersal",175,NA,0,350,NA,NA,3.2,"selective plankton feeding","dioecism",NA,"bearers","internal live bearers",NA,NA,NA
"finfish","Actinopterygii","Perciformes","Epigonidae","Epigonus","Epigonus crassicaudus","species",68.4538196153181,0.167951156972134,3.61242367755456,21.203982090558,4.6924696280803,0.22291498308501,37.6280570149845,16.9323132539911,"bathydemersal",290,NA,180,400,NA,NA,NA,NA,NA,NA,NA,NA,NA,NA,NA
"finfish","Actinopterygii","Perciformes","Scombridae","Thunnus","Thunnus maccoyii","species",222.233011504666,0.152479691271264,158.082917953702,16.5910965459456,5.49696679002676,0.276576810835077,114.806349624409,17.3882785629862,"pelagic-oceanic",1396.5,"oceanodromous",50,2743,NA,NA,3.9300000667572,"hunting macrofauna (predator)","dioecism","one clear seasonal peak per year","nonguarders","open water/substratum egg scatterers","oceanic",NA,NA
"finfish","Actinopterygii","Gadiformes","Gadidae","Micromesistius","Micromesistius australis","species",57.4060133668529,0.211761703521821,1.17104234272955,24.3880714825977,4.98027334809295,0.229913756271984,38.6665418577953,7.76312324832308,"benthopelagic",475,"oceanodromous",50,900,200,400,3.34,"hunting macrofauna (predator)","dioecism",NA,"nonguarders","open water/substratum egg scatterers",NA,NA,NA
"invertebrate","Bivalvia","Ostreoida","Pectinidae","Placopecten","Placopecten magellanicus","species",15.0675,0.27375,3.6104,12,NA,0.1,NA,NA,"benthic",150,NA,0,300,30,91,2,"filtering plankton","dioecism",NA,NA,NA,NA,20,NA
"invertebrate","Malacostraca","Decapoda","Nephropidae","Metanephrops","Metanephrops challengeri","species",NA,NA,NA,NA,NA,NA,NA,NA,"benthic",390,NA,140,640,NA,NA,NA,NA,"dioecism",NA,"bearers","External brooders",NA,25,NA
"finfish","Actinopterygii","Perciformes","Sparidae","Stenotomus","Stenotomus chrysops","species",45.4645088856504,0.204557152134464,1.26523191518146,14.3400426766328,3.38134073408939,0.340476988834111,23.9884786915397,15.6540284163219,"demersal",NA,"oceanodromous",15,NA,NA,NA,3.57,"hunting macrofauna (predator)",NA,NA,NA,NA,"coastal",NA,NA
"finfish","Elasmobranchii","Squaliformes","Squalidae","Squalus","Squalus acanthias","species",115.791855853513,0.0783461431207337,5.69888324453641,24.7080052503071,13.8916022162684,0.14385276637056,74.8314740486167,9.63405681936769,"benthopelagic",730,"oceanodromous",0,1460,50,300,4.5,"hunting macrofauna (predator)","dioecism",NA,"bearers","internal live bearers",NA,NA,NA
"finfish","Actinopterygii","Perciformes","Ammodytidae","Ammodytes","Ammodytes marinus","species",18.4759286853602,0.494087586086169,0.0208016530824368,8.067236814904,2.07156262884164,0.907338703607045,11.7015348426525,8.45478805409411,"benthopelagic",80,NA,10,150,10,150,2.71,"selective plankton feeding","dioecism","one clear seasonal peak per year","nonguarders","open water/substratum egg scatterers","coastal",NA,NA
"finfish","Actinopterygii","Pleuronectiformes","Paralichthyidae","Paralichthys","Paralichthys dentatus","species",109.053639387743,0.352670108976995,5.76180798073323,5.01116710456331,0.71962113015967,0.66081362399326,27.6503704018079,18.1328860567714,"demersal",96.5,"oceanodromous",10,183,NA,37,3.45000004768372,"hunting macrofauna (predator)","dioecism",NA,"nonguarders","open water/substratum egg scatterers",NA,NA,NA
"finfish","Elasmobranchii","Lamniformes","Lamnidae","Isurus","Isurus oxyrinchus","species",358.2348106087,0.0942268204589848,288.183670631438,27.0356026870724,10.7537285746352,0.17350692585484,194.691256573307,17.7387638857225,"pelagic-oceanic",375,"oceanodromous",0,750,100,150,4.32,"hunting macrofauna (predator)","dioecism",NA,"bearers","internal live bearers",NA,NA,NA
"finfish","Actinopterygii","Gadiformes","Merlucciidae","Merluccius","Merluccius bilinearis","species",55.9217472619378,0.34979388542371,1.33170870197549,10.5083961347256,2.89649190534454,0.550216328731202,33.9591562821082,11.4022992626346,"demersal",484.5,"oceanodromous",55,914,NA,NA,4.23,"hunting macrofauna (predator)","dioecism","one clear seasonal peak per year","nonguarders","open water/substratum egg scatterers","shelf",NA,NA
"finfish","Actinopterygii","Perciformes","Centrolophidae","Seriolella","Seriolella punctata","species",55.8613545144179,0.288713529850436,1.94937894670168,13.5555009639592,3.21420030567641,0.401299105334464,33.0221734628815,12.2185722346914,"benthopelagic",338.5,"oceanodromous",27,650,NA,NA,3.53,"filtering plankton","dioecism",NA,"nonguarders",NA,NA,NA,NA
"finfish","Actinopterygii","Perciformes","Scombridae","Katsuwonus","Katsuwonus pelamis","species",89.8745922758072,0.531737533813128,7.51568708074447,7.70796653754798,2.19445609075614,0.91821071796981,50.5704834690671,24.6249218339387,"pelagic-oceanic",130,"oceanodromous",0,260,0,NA,4.03,"hunting macrofauna (predator)","dioecism","Variable throughout range","nonguarders","open water/substratum egg scatterers",NA,NA,NA
"finfish","Actinopterygii","Zeiformes","Oreosomatidae","Pseudocyttus","Pseudocyttus maculatus","species",43.8251251138215,0.0964720734057215,1.63323310000004,25.6806725582631,8.66314696843649,0.18318243775068,27.7153488104699,11.7593674853458,"bathydemersal",950,"oceanodromous",400,1500,900,1100,3.60999989509582,"filtering plankton","dioecism","one clear seasonal peak per year","nonguarders",NA,NA,NA,NA
"finfish","Elasmobranchii","Rajiformes","Rajidae","Malacoraja","Malacoraja senta","species",65.6814167680716,0.127582083000546,1.98070525870919,16.7923986552852,11.3714584278274,0.265119573743593,49.7799636619354,12.8726270750747,"bathydemersal",480,"oceanodromous",46,914,NA,NA,NA,"hunting macrofauna (predator)","dioecism",NA,"nonguarders","open water/substratum egg scatterers",NA,NA,NA
"invertebrate","Malacostraca","Stomatopoda","Squillidae","Squilla","Squilla mantis","species",16.4375,0.9425,0.07941,NA,1,1.9075,14.71,NA,"benthic",183.5,NA,0,367,NA,120,3.59,"hunting macrofauna (predator)","dioecism","one clear seasonal peak per year","bearers","External brooders","coastal",20,NA
"finfish","Actinopterygii","Perciformes","Mullidae","Mullus","Mullus surmuletus","species",31.0746773716331,0.28073934353012,0.300166940507793,8.09192923002137,1.25864702642767,0.456524367926914,16.1069698766191,18.4911093005997,"demersal",207,"oceanodromous",5,409,NA,NA,3.46,"hunting macrofauna (predator)","dioecism","one clear seasonal peak per year","nonguarders",NA,"coastal",NA,NA
"finfish","Elasmobranchii","Carcharhiniformes","Carcharhinidae","Rhizoprionodon","Rhizoprionodon terraenovae","species",94.8528285714355,0.397550133450205,4.51306058363999,9.06279611239052,2.8795727089985,0.55594894586367,63.0503930224989,25.1861414557924,"demersal",140,NA,0,280,0,10,4.5,"hunting macrofauna (predator)","dioecism",NA,"bearers","internal live bearers",NA,NA,NA
"invertebrate","Malacostraca","Decapoda","Oregoniidae","Chionoecetes","Chionoecetes opilio","species",NA,NA,NA,NA,NA,NA,NA,NA,"benthic",337.5,NA,25,650,100,300,3.45,"hunting macrofauna (predator)","dioecism",NA,"bearers","External brooders",NA,9.1,NA
"finfish","Actinopterygii","Perciformes","Serranidae","Hyporthodus","Hyporthodus niveatus","species",117.642849550666,0.100535447564506,30.9877161461334,27.2178367693903,9.06679099465796,0.189610986379449,62.5455282470552,23.046775085671,"demersal",277.5,NA,30,525,100,200,4.04,"hunting macrofauna (predator)","protogyny",NA,"nonguarders","open water/substratum egg scatterers","shelf",NA,NA
"finfish","Actinopterygii","Scorpaeniformes","Sebastidae","Sebastes","Sebastes diploproa","species",38.0088829763065,0.128353478619067,0.930755733019741,45.5742238919303,9.03826338969516,0.100069344932279,26.4090407384095,10.7930228205853,"bathydemersal",400,NA,0,800,91,579,NA,NA,"dioecism",NA,"bearers","internal live bearers",NA,NA,NA
"finfish","Actinopterygii","Pleuronectiformes","Soleidae","Solea","Solea solea","species",36.2397827631482,0.323983511968825,0.443583893002048,11.8508179588208,1.54307849952347,0.285008417984232,19.2558493307308,16.0789613412436,"demersal",75,"oceanodromous",0,150,10,60,3.29999995231628,"hunting macrofauna (predator)","dioecism","one clear seasonal peak per year","nonguarders","open water/substratum egg scatterers","coastal",NA,NA
"finfish","Actinopterygii","Pleuronectiformes","Cynoglossidae","Cynoglossus","Cynoglossus spp","genus",35.9996785590932,0.358652119814606,0.272890421894336,7.84578174553663,1.98780398659244,0.578654066976968,18.1211218346519,22.6531136678768,NA,NA,NA,NA,NA,NA,NA,NA,NA,NA,NA,NA,NA,NA,NA,NA
"finfish","Actinopterygii","Gadiformes","Merlucciidae","Merluccius","Merluccius australis","species",103.577277191365,0.177347742748667,9.50696214714686,24.9855689287196,7.29804604020557,0.233194925626374,69.8395185665612,10.3080500937957,"benthopelagic",514,"oceanodromous",28,1000,NA,NA,4.45,"hunting macrofauna (predator)",NA,NA,NA,NA,"shelf",NA,NA
"finfish","Actinopterygii","Perciformes","Scombridae","Scomberomorus","Scomberomorus maculatus","species",133.499634676462,0.280843238641229,4.53491405791835,11.082954787105,2.38433548739374,0.373894521460108,57.2162336164807,25.9513106175597,"pelagic-neritic",22.5,"oceanodromous",10,35,NA,NA,4.35,"hunting macrofauna (predator)","dioecism","one clear seasonal peak per year","nonguarders","open water/substratum egg scatterers","shelf",NA,NA
"finfish","Actinopterygii","Perciformes","Scombridae","Scomberomorus","Scomberomorus niphonius","species",273.820293395838,0.371235905964914,0.51979429261148,6.73072489807985,1.44121124674762,0.444536860841262,91.0780017397517,15.6762949928892,"pelagic-neritic",100,"oceanodromous",0,200,NA,NA,4.47,"hunting macrofauna (predator)","dioecism",NA,"nonguarders","open water/substratum egg scatterers",NA,NA,NA
"finfish","Actinopterygii","Gadiformes","Merlucciidae","Merluccius","Merluccius gayi gayi","species",73.1634514928601,0.212557916914381,6.07449819741521,13.4672900649744,4.05038501325751,0.40266953125325,41.9409854114579,11.9557427586099,"bathydemersal",275,"oceanodromous",50,500,NA,NA,NA,"hunting macrofauna (predator)","dioecism",NA,"nonguarders","open water/substratum egg scatterers",NA,NA,NA
"finfish","Actinopterygii","Clupeiformes","Clupeidae","Sprattus","Sprattus sprattus","species",14.7350873778496,0.503824181726176,0.0292096102129604,6.82633746297437,2.10759531340455,0.650798133846872,10.6499296593162,10.7876069223847,"pelagic-neritic",80,"oceanodromous",10,150,NA,NA,3.01,"selective plankton feeding","dioecism","Variable throughout range","nonguarders","open water/substratum egg scatterers","coastal",NA,NA
"finfish","Elasmobranchii","Squaliformes","Squalidae","Squalus","Squalus suckleyi","species",112.545539175732,0.0579070318791418,5.79219364433152,48.1338873788116,25.0375627173519,0.0974692109829665,82.3274718686776,9.22408691854312,"benthopelagic",62.5,NA,15,110,NA,NA,NA,NA,"dioecism",NA,"bearers","internal live bearers",NA,NA,NA
"invertebrate","Malacostraca","Decapoda","Penaeidae","Farfantepenaeus","Farfantepenaeus notialis","species",16.49825,1.325,NA,NA,NA,1.57,NA,NA,"benthic",361.5,NA,3,720,3,50,NA,NA,"dioecism",NA,"bearers","External brooders",NA,17.5,NA
"finfish","Actinopterygii","Scorpaeniformes","Sebastidae","Sebastes","Sebastes borealis","species",59.4133387383896,0.0663331114095897,3.77378954257709,77.001833515721,15.7445270838838,0.0554609065255443,38.9825915637787,9.05379036951408,"bathydemersal",600,NA,0,1200,NA,NA,4.09,"hunting macrofauna (predator)","dioecism",NA,"bearers","internal live bearers",NA,NA,NA
"finfish","Actinopterygii","Salmoniformes","Salmonidae","Oncorhynchus","Oncorhynchus nerka","species",80.3327562544025,0.385561196143684,5.78764727975009,8.27198703000419,3.62351406907844,0.693546974510717,54.9125714471752,11.8788291428308,"pelagic-oceanic",125,"anadromous",0,250,NA,NA,3.23,"selective plankton feeding","dioecism","once in a lifetime","guarders","nesters","lacustrine",NA,NA
"finfish","Actinopterygii","Clupeiformes","Clupeidae","Sprattus","Sprattus fuegensis","species",15.8778284126103,0.523379814243238,0.0156438962148821,6.23292335030313,1.90042108853898,0.683752127675773,10.7560373763927,10.7405972313626,"pelagic-neritic",NA,"oceanodromous",10,NA,NA,NA,2.6,"selective plankton feeding","dioecism",NA,NA,NA,NA,NA,NA
"invertebrate","Bivalvia","Myoida","Myidae","Mya","Mya arenaria","species",6.68285714285714,0.285714285714286,0.0066,8,NA,NA,NA,NA,"benthic",96,NA,0,192,0,25,2.31,"filtering plankton","dioecism",NA,NA,NA,NA,10,NA
"invertebrate","Malacostraca","Decapoda","Pandalidae","Pandalopsis","Pandalopsis dispar","species",NA,NA,NA,NA,NA,NA,NA,NA,"demersal",343.5,NA,45,642,NA,NA,NA,NA,NA,NA,NA,NA,NA,NA,NA
"invertebrate","Malacostraca","Decapoda","Palinuridae","Palinurus","Palinurus gilchristi","species",10.1,0.0903333333333333,NA,NA,NA,NA,NA,NA,"benthic",205,NA,50,360,NA,NA,NA,NA,"dioecism",NA,"bearers","External brooders",NA,16,NA
"finfish","Actinopterygii","Scorpaeniformes","Sebastidae","Sebastolobus","Sebastolobus alascanus","species",70.4596932059927,0.0376334401182791,7.01541993327515,68.1331799200918,19.3620219290572,0.0555023610420896,40.3917191952671,10.0357468453074,"demersal",808.5,NA,17,1600,91,NA,3.66,"filtering plankton","dioecism","one clear seasonal peak per year","nonguarders","open water/substratum egg scatterers","coastal",NA,NA
"finfish","Actinopterygii","Pleuronectiformes","Pleuronectidae","Platichthys","Platichthys stellatus","species",47.7368483082216,0.231737214752866,1.426933770258,17.7657212365296,3.92408112754387,0.238919949652478,27.1401753843926,12.762016995346,"demersal",187.5,"catadromous",0,375,NA,NA,3.5,"hunting macrofauna (predator)","dioecism",NA,"nonguarders",NA,NA,NA,NA
"finfish","Actinopterygii","Perciformes","Istiophoridae","Kajikia","Kajikia audax","species",290.667596014044,0.38226274989029,188.531328850632,11.7007667213288,2.79723597536996,0.474555695752946,142.803910617643,22.815638386487,"pelagic-oceanic",100,"oceanodromous",0,200,NA,NA,4.5,"hunting macrofauna (predator)","dioecism","Variable throughout range","nonguarders","open water/substratum egg scatterers","shelf",NA,NA
"finfish","Actinopterygii","Perciformes","Moronidae","Morone","Morone saxatilis","species",102.425971969124,0.18120220392293,11.052868502679,20.3939803389077,3.91410720992529,0.188686624490056,52.2721295542632,16.8086132032304,"demersal",NA,"anadromous",30,NA,NA,NA,4.47,"hunting macrofauna (predator)","dioecism","one clear seasonal peak per year","nonguarders","open water/substratum egg scatterers","riverine",NA,NA
"invertebrate","Malacostraca","Decapoda","Pandalidae","Pandalus","Pandalus montagui","species",NA,NA,NA,NA,NA,NA,NA,NA,"benthic",484,NA,0,968,NA,NA,NA,NA,"protandry",NA,NA,NA,NA,16,NA
"invertebrate","Bivalvia","Veneroida","Mactridae","Spisula","Spisula solidissima","species",13.36,0.303333333333333,3.132,31,NA,NA,NA,NA,"benthic",35,NA,0,70,NA,NA,NA,"filtering plankton","dioecism",NA,NA,NA,NA,20,NA
"finfish","Actinopterygii","Perciformes","Sillaginidae","Sillago","Sillago flindersi","species",24.5070124417809,0.581294128416456,0.105370118284843,6.91686593645865,1.65966490171342,0.900239405831671,14.9469552221743,16.5837938820281,"demersal",90.5,"oceanodromous",1,180,NA,80,3.29,"hunting macrofauna (predator)","dioecism",NA,"nonguarders","open water/substratum egg scatterers",NA,NA,NA
"finfish","Actinopterygii","Perciformes","Xiphiidae","Xiphias","Xiphias gladius","species",243.588095194572,0.141541534713996,195.456254698989,15.0540879450944,4.07398245382704,0.235887154225588,105.101841497324,20.5698902040743,"pelagic-oceanic",1439,"oceanodromous",0,2878,0,550,4.46,"hunting macrofauna (predator)","dioecism","Variable throughout range","nonguarders","open water/substratum egg scatterers","oceanic",NA,NA
"invertebrate","Malacostraca","Decapoda","Oregoniidae","Chionoecetes","Chionoecetes bairdi","species",NA,NA,NA,12,NA,NA,NA,NA,"benthic",229.5,NA,9,450,NA,NA,3.28,"hunting macrofauna (predator)","dioecism","one clear seasonal peak per year",NA,NA,"shelf",15,NA
"invertebrate","Malacostraca","Decapoda","Eriphiidae","Pseudocarcinus","Pseudocarcinus gigas","species",NA,NA,NA,NA,NA,NA,NA,NA,"benthic",420,NA,20,820,200,200,NA,NA,"dioecism",NA,NA,NA,NA,NA,NA
"finfish","Elasmobranchii","Rajiformes","Rajidae","Raja","Raja clavata","species",118.033907662435,0.130670604778566,8.40987096864552,16.1180493883079,6.94973547027202,0.22645953500828,78.4113813608972,9.91803957503033,"demersal",512.5,NA,5,1020,NA,NA,4.15,"hunting macrofauna (predator)","dioecism",NA,"nonguarders","open water/substratum egg scatterers",NA,NA,NA
"finfish","Actinopterygii","Perciformes","Polynemidae","Galeoides","Galeoides decadactylus","species",53.2867866689585,0.347764412453395,1.68624255782487,10.0494850369586,2.51830188418403,0.58413251802099,28.8080658762494,26.3189329576215,"demersal",40," ",10,70,NA,NA,3.57,"hunting macrofauna (predator)","protandry",NA,"nonguarders","open water/substratum egg scatterers",NA,NA,NA
"finfish","Actinopterygii","Scorpaeniformes","Platycephalidae","Platycephalus","Platycephalus richardsoni","species",63.973280999205,0.223691470659148,1.73072811630051,12.9312451411764,3.83244240745011,0.361661570898477,34.015932419197,13.7367136312004,"demersal",205,NA,10,400,NA,200,3.87,"hunting macrofauna (predator)","dioecism",NA,"nonguarders",NA,NA,NA,NA
"finfish","Actinopterygii","Perciformes","Malacanthidae","Lopholatilus","Lopholatilus chamaeleonticeps","species",85.7442938626754,0.111114597810614,12.1960993634821,29.5798899464688,7.21091042380135,0.144125944523611,49.8544604757697,15.75824377201,"demersal",310,NA,80,540,NA,NA,3.5,"hunting macrofauna (predator)","dioecism",NA,NA,NA,"coastal",NA,NA
"finfish","Actinopterygii","Perciformes","Carangidae","Pseudocaranx","Pseudocaranx dentex","species",49.6955042834279,0.236453180425109,1.47544785441787,11.8216191382236,3.20947146948678,0.505065240264925,26.3479504262412,14.9733064299324,"reef-associated",124,NA,10,238,10,25,3.66,"hunting macrofauna (predator)","dioecism",NA,"nonguarders","open water/substratum egg scatterers","coastal",NA,NA
"finfish","Elasmobranchii","Rajiformes","Rajidae","Amblyraja","Amblyraja radiata","species",90.1353438440816,0.117085900739413,3.98672298550693,16.3869810764808,7.33182369641812,0.230668334850586,54.0158443036058,12.073815933718,"demersal",510,"oceanodromous",20,1000,50,100,3.49,"hunting macrofauna (predator)","dioecism",NA,"nonguarders","open water/substratum egg scatterers",NA,NA,NA
"finfish","Actinopterygii","Pleuronectiformes","Scophthalmidae","Scophthalmus","Scophthalmus maximus","species",55.7991394919355,0.262249922301035,2.95973762986855,15.6499718467707,2.69851400865308,0.348541495037062,26.3065690690716,13.629857007157,"demersal",45,"oceanodromous",20,70,NA,NA,3.96000003814697,"hunting macrofauna (predator)","dioecism",NA,"nonguarders",NA,"coastal",NA,NA
"finfish","Actinopterygii","Perciformes","Lutjanidae","Rhomboplites","Rhomboplites aurorubens","species",52.3655458889882,0.185046763332539,2.38524017994273,12.1689842178539,2.76701687373248,0.258145346446072,26.9779185786218,19.3191905611235,"demersal",170,NA,40,300,40,100,3.8,"hunting macrofauna (predator)","dioecism",NA,"nonguarders","open water/substratum egg scatterers","coastal",NA,NA
"finfish","Actinopterygii","Perciformes","Centrolophidae","Seriolella","Seriolella brama","species",59.3103479036126,0.229882790518287,2.42219659954238,14.2405101426486,3.53562792124142,0.354661945738023,33.4552360541866,11.9848232523293,"benthopelagic",211,NA,22,400,NA,NA,3.73,"hunting macrofauna (predator)","dioecism",NA,"nonguarders",NA,NA,NA,NA
"finfish","Actinopterygii","Perciformes","Sciaenidae","Cynoscion","Cynoscion regalis","species",65.0808120604528,0.20320936808868,2.59182390664048,12.9868618557393,3.36811766385014,0.350717285721347,33.5412042009308,16.0709688236956,"demersal",18,"oceanodromous",10,26,NA,NA,4.01,"hunting macrofauna (predator)","dioecism","one clear seasonal peak per year","nonguarders","open water/substratum egg scatterers","coastal",NA,NA
"finfish","Actinopterygii","Gadiformes","Phycidae","Urophycis","Urophycis tenuis","species",104.921358897042,0.120814095731601,9.98022372904554,18.5560335459286,5.53827218498775,0.207190057658322,55.3549084106373,9.52074627765158,"demersal",550,"oceanodromous",100,1000,100,247,3.25,"variable","dioecism",NA,"nonguarders","open water/substratum egg scatterers",NA,NA,NA
"finfish","Actinopterygii","Gadiformes","Gadidae","Merlangius","Merlangius merlangus","species",44.3387753269563,0.292296097324264,0.800183293006468,9.66544589187183,2.09489119387182,0.471925193520377,23.8411332977894,8.95289240622472,"benthopelagic",105,"oceanodromous",10,200,30,100,3.57,"hunting macrofauna (predator)","dioecism","Variable throughout range","nonguarders","open water/substratum egg scatterers","coastal",NA,NA
"finfish","Actinopterygii","Pleuronectiformes","Scophthalmidae","Scophthalmus","Scophthalmus aquosus","species",39.4955553857609,0.296053141221765,0.842317633409919,10.7835451469749,2.08916672648249,0.458081079440552,18.3446973733748,15.1684052905285,"demersal",64,NA,55,73,NA,NA,NA,"hunting macrofauna (predator)",NA,NA,NA,NA,NA,NA,NA
"finfish","Actinopterygii","Pleuronectiformes","Pleuronectidae","Pseudopleuronectes","Pseudopleuronectes americanus","species",47.2891926226775,0.315462989987188,1.89801032618992,12.4406254112231,2.72915182330743,0.335817999116794,26.1466616262232,11.2416309122428,"demersal",74,"oceanodromous",5,143,NA,NA,3.08,"hunting macrofauna (predator)","dioecism",NA,"nonguarders",NA,"coastal",NA,NA
"finfish","Actinopterygii","Pleuronectiformes","Pleuronectidae","Glyptocephalus","Glyptocephalus cynoglossus","species",43.4285630071534,0.202210622814353,0.617531018216572,22.7109398116508,5.60104014071657,0.224851030266693,26.9522694123439,8.06672389029823,"demersal",794,"oceanodromous",18,1570,45,366,3.45,"hunting macrofauna (predator)","dioecism","one clear seasonal peak per year","nonguarders","open water/substratum egg scatterers",NA,NA,NA
"finfish","Actinopterygii","Perciformes","Istiophoridae","Kajikia","Kajikia albida","species",230.790931858753,0.402931351855856,89.3712832342432,10.7954400948041,2.57874571584382,0.511433014940102,114.59848275475,22.5078559993156,"pelagic-oceanic",75,"oceanodromous",0,150,0,100,4.46000003814697,"hunting macrofauna (predator)","dioecism",NA,"nonguarders","open water/substratum egg scatterers","shelf",NA,NA
"finfish","Actinopterygii","Scorpaeniformes","Sebastidae","Sebastes","Sebastes entomelas","species",38.0088829763065,0.128353478619067,0.930755733019741,45.5742238919303,9.03826338969516,0.100069344932279,26.4090407384095,10.7930228205853,"pelagic-neritic",274.5,NA,0,549,NA,NA,3.29,"hunting macrofauna (predator)","dioecism",NA,"bearers","internal live bearers",NA,NA,NA
"invertebrate","Malacostraca","Decapoda","Penaeidae","Litopenaeus","Litopenaeus setiferus","species",20.5071428571429,3.718,0.07635,NA,NA,3.115,NA,NA,"benthic",59.5,NA,0,119,NA,NA,2.88,"variable","dioecism","variable throughout range","nonguarders","Open water/substratum egg scatterers",NA,17.5,NA
"finfish","Elasmobranchii","Rajiformes","Rajidae","Leucoraja","Leucoraja ocellata","species",104.013220349493,0.130104230223191,6.36740552736911,17.9839867841887,8.57088268322322,0.221844477829605,69.8964254653983,13.3257290825943,"demersal",60,"oceanodromous",0,120,NA,NA,3.61,"hunting macrofauna (predator)","dioecism",NA,"nonguarders","open water/substratum egg scatterers",NA,NA,NA
"invertebrate","Gastropoda","Neogastropoda","Buccinidae","Buccinum","Buccinum undatum","species",12.38,0.2,NA,NA,NA,NA,NA,NA,"benthic",300,NA,0,600,NA,NA,3.75,"feeding on dead animals (scavenger)",NA,NA,NA,NA,NA,10.16,NA
"finfish","Actinopterygii","Perciformes","Serranidae","Hyporthodus","Hyporthodus flavolimbatus","species",91.2426248278434,0.13471709332415,14.5753656936383,24.2631242210334,7.74578534347632,0.22788408727405,52.433123354847,21.3600957908709,"demersal",225,NA,90,360,NA,NA,3.82,"hunting macrofauna (predator)","protogyny",NA,"nonguarders","open water/substratum egg scatterers",NA,NA,NA
"finfish","Actinopterygii","Pleuronectiformes","Pleuronectidae","Limanda","Limanda ferruginea","species",51.7219848103401,0.220903631568188,1.33264469316893,14.4973166065673,3.11421537043399,0.219156861681078,25.3883130007297,9.43470839852699,"demersal",195.5,NA,27,364,36,91,3.03,"hunting macrofauna (predator)","dioecism",NA,"nonguarders","open water/substratum egg scatterers",NA,NA,NA
"finfish","Actinopterygii","Scorpaeniformes","Sebastidae","Sebastes","Sebastes ruberrimus","species",59.769964933579,0.0652509192786333,3.68280020734278,91.3270300420874,17.8938299771279,0.0489958954213748,41.3686613532583,6.49913935518317,"reef-associated",282,NA,15,549,NA,NA,3.99,"hunting macrofauna (predator)","dioecism",NA,"bearers","internal live bearers",NA,NA,NA
"finfish","Actinopterygii","Perciformes","Scombridae","Thunnus","Thunnus albacares","species",193.630261634018,0.326295550175636,114.03094190572,8.16452246105089,2.56785474655946,0.500982505729481,99.1945682278105,23.6774208166775,"pelagic-oceanic",125.5,"oceanodromous",1,250,1,100,4.48,"hunting macrofauna (predator)","dioecism","Throughout the year, but peaking once","nonguarders","open water/substratum egg scatterers","coastal",NA,NA
"finfish","Elasmobranchii","Rajiformes","Rajidae","Zearaja","Zearaja chilensis","species",125.667945562539,0.105044556941698,12.23044788999,27.0857040002945,13.674010217505,0.166513628054827,93.1009742135488,11.7678656252687,"demersal",264,NA,28,500,NA,NA,4.02,"hunting macrofauna (predator)","dioecism",NA,"nonguarders","open water/substratum egg scatterers",NA,NA,NA
"finfish","Actinopterygii","Pleuronectiformes","Pleuronectidae","Limanda","Limanda aspera","species",45.1850518606869,0.13352614867326,1.0079302774162,23.672888793087,5.20562226845446,0.153311319563509,23.0155127635099,2.48603789290679,"demersal",350,NA,0,700,NA,91,3.66,"hunting macrofauna (predator)","dioecism","one clear seasonal peak per year","nonguarders",NA,"coastal",NA,NA
"finfish","Actinopterygii","Scorpaeniformes","Sebastidae","Sebastes","Sebastes flavidus","species",48.846772637637,0.123811675396527,1.78109464002695,56.3784341338261,10.3696600521057,0.0782234776992569,35.0430627147817,9.1459988396568,"reef-associated",274.5,NA,0,549,24,46,3.51,"hunting macrofauna (predator)","dioecism","one clear seasonal peak per year","bearers","internal live bearers",NA,NA,NA
"finfish","Actinopterygii","Perciformes","Lutjanidae","Ocyurus","Ocyurus chrysurus","species",54.6463171350464,0.181468800477642,2.50405123961777,14.8307806902759,3.39860423228712,0.308924693602579,27.6278557884276,26.6856202487811,"reef-associated",90,NA,0,180,10,70,3.88,"hunting macrofauna (predator)","dioecism",NA,"nonguarders","open water/substratum egg scatterers",NA,NA,NA
